,State,Year,Total Federal Revenue,Total State Revenue,Employed per 1k,% Employed,Teacher Pay,Pop. Below Poverty Level,Percent of Pop. Below Poverty Level,Grdn Bachelor Degree+,Grdn HS Diploma or GED,Grdn No HS Diploma,Grdn Some College,Student/Teacher Ratio,Teen Preg. Rate (State),Dropouts,Food Insecurity Rate,Child food insecurity rate
1,Alabama,2010,1134111.0,3800128.0,51.0,21.7,48282.0,310590.0,27.7,698.0,1319.0,772.0,945.0,15.31,43.6,21000.0,0.19292537313432837,0.2600746268656716
2,Alabama,2011,1077070.0,3965614.0,65.0,24.9,48003.0,306973.0,27.6,772.0,1218.0,790.0,1004.0,15.6,40.5,17000.0,0.1885223880597015,0.25376119402985076
3,Alabama,2012,789954.0,3948651.0,66.0,23.7,47949.0,305610.0,27.5,831.0,1235.0,763.0,1023.0,14.35,39.2,16000.0,0.18089552238805978,0.2529701492537314
4,Alabama,2013,811739.0,3898347.0,52.0,21.7,48413.0,297591.0,27.2,924.0,1278.0,772.0,936.0,15.82,34.3,13000.0,0.1824328358208955,0.26195522388059705
5,Alabama,2014,794090.0,4031547.0,44.0,18.1,49497.0,302736.0,27.7,845.0,1136.0,748.0,1111.0,17.41,32.0,14000.0,0.18952238805970156,0.2705223880597014
6,Alabama,2015,795238.0,4080167.0,70.0,25.3,49781.0,290825.0,26.6,864.0,1226.0,759.0,1010.0,18.25,30.1,11000.0,0.1849253731343283,0.25544776119402995
7,Alabama,2016,803907.0,4148764.0,65.0,26.6,48868.0,265901.0,24.5,845.0,1247.0,760.0,1073.0,17.51,28.4,10000.0,0.18092537313432838,0.24979104477611935
8,Alabama,2017,811407.0,4350594.0,63.0,24.1,50239.0,265078.0,24.6,904.0,1266.0,681.0,1075.0,17.76,27.0,13000.0,0.17155223880597015,0.23420895522388066
10,Alaska,2010,366970.0,1356673.0,14.0,34.7,61093.0,23773.0,12.9,120.0,156.0,88.0,172.0,16.17,38.3,3000.0,0.15289655172413794,0.21257692307692302
11,Alaska,2011,420152.0,1416163.0,14.0,31.9,62425.0,26941.0,14.5,130.0,150.0,87.0,174.0,16.22,36.2,3000.0,0.15855172413793106,0.2182068965517241
12,Alaska,2012,352005.0,1507913.0,13.0,30.0,65468.0,25700.0,13.9,135.0,159.0,88.0,175.0,17.12,34.5,2000.0,0.1564137931034483,0.21868965517241387
13,Alaska,2013,320938.0,1707449.0,15.0,34.7,66739.0,22377.0,12.1,138.0,155.0,85.0,172.0,16.58,30.3,2000.0,0.15927586206896552,0.22534482758620683
14,Alaska,2014,309525.0,1824373.0,13.0,32.8,66755.0,28851.0,15.8,145.0,158.0,71.0,167.0,16.91,27.8,2000.0,0.16444827586206898,0.23158620689655174
15,Alaska,2015,344111.0,2026555.0,13.0,33.3,67443.0,27849.0,15.2,138.0,161.0,72.0,168.0,16.91,29.3,2000.0,0.15872413793103451,0.21793103448275863
16,Alaska,2016,307320.0,1613675.0,11.0,28.2,68138.0,25938.0,14.1,156.0,164.0,69.0,162.0,16.96,25.8,1000.0,0.15244827586206894,0.20810344827586205
17,Alaska,2017,350204.0,1600503.0,10.0,25.4,69474.0,26865.0,14.9,147.0,171.0,74.0,160.0,17.16,22.0,1000.0,0.1519655172413793,0.2120344827586207
19,Arizona,2010,787738.0,3677112.0,73.0,21.1,47553.0,392229.0,24.4,1310.0,1321.0,952.0,1463.0,21.42,41.9,30000.0,0.19553333333333336,0.30440000000000006
20,Arizona,2011,827026.0,3701224.0,83.0,23.9,48691.0,434950.0,27.2,1316.0,1266.0,979.0,1551.0,21.27,38.5,24000.0,0.18979999999999997,0.30539999999999995
21,Arizona,2012,666267.0,3823172.0,86.0,25.3,49885.0,429486.0,27.0,1391.0,1222.0,1007.0,1604.0,22.29,37.4,20000.0,0.182,0.29980000000000007
22,Arizona,2013,572096.0,3847045.0,78.0,22.4,51109.0,421100.0,26.5,1325.0,1380.0,1110.0,1482.0,22.8,33.1,21000.0,0.1848,0.31020000000000003
23,Arizona,2014,552738.0,4006889.0,102.0,26.1,45406.0,407695.0,25.6,1342.0,1342.0,1218.0,1423.0,23.1,29.9,19000.0,0.1764,0.29653333333333337
24,Arizona,2015,581412.0,4075118.0,108.0,29.9,45477.0,393858.0,24.7,1404.0,1215.0,1099.0,1609.0,23.13,26.3,23000.0,0.16959999999999997,0.2732666666666666
25,Arizona,2016,593656.0,4122377.0,119.0,31.7,47403.0,378800.0,23.6,1380.0,1307.0,1047.0,1672.0,23.29,23.6,21000.0,0.16160000000000002,0.2566
26,Arizona,2017,597260.0,4137903.0,119.0,29.8,47746.0,332299.0,20.8,1560.0,1266.0,995.0,1709.0,23.21,22.0,21000.0,0.15533333333333335,0.24660000000000004
28,Arkansas,2010,9715980.0,34173911.0,39.0,26.1,47700.0,193081.0,27.6,361.0,833.0,478.0,591.0,14.07,52.5,14000.0,0.18981333333333342,0.27553333333333335
29,Arkansas,2011,9990221.0,37752712.0,42.0,32.8,46959.0,196538.0,28.1,409.0,858.0,404.0,614.0,14.22,50.7,7000.0,0.19140000000000001,0.2784533333333332
30,Arkansas,2012,8793325.0,36413273.0,37.0,27.2,46632.0,199617.0,28.5,470.0,743.0,410.0,675.0,14.24,45.7,9000.0,0.19317333333333334,0.2808266666666666
31,Arkansas,2013,7836263.0,35141208.0,34.0,22.4,46950.0,202456.0,29.0,433.0,772.0,467.0,648.0,14.03,43.5,7000.0,0.20270666666666673,0.29652000000000006
32,Arkansas,2014,7415061.0,38410554.0,45.0,29.0,48017.0,183830.0,26.4,519.0,756.0,429.0,634.0,13.86,39.5,8000.0,0.19754666666666665,0.28334666666666664
33,Arkansas,2015,7556365.0,42360470.0,41.0,26.3,48220.0,187693.0,27.2,469.0,826.0,412.0,604.0,13.75,38.0,9000.0,0.19144,0.26665333333333324
34,Arkansas,2016,7709079.0,50904567.0,44.0,29.2,48616.0,165100.0,23.8,506.0,777.0,450.0,635.0,13.81,34.6,8000.0,0.1813866666666666,0.25138666666666665
35,Arkansas,2017,7889546.0,51046506.0,44.0,28.5,49017.0,156427.0,22.5,488.0,770.0,425.0,683.0,13.86,32.8,6000.0,0.17758666666666664,0.24774666666666667
37,California,2010,714230.0,3817875.0,384.0,18.4,69434.0,2012585.0,22.0,8102.0,6446.0,6381.0,7972.0,24.12,31.5,114000.0,0.17799999999999994,0.2647413793103448
38,California,2011,969288.0,3493923.0,371.0,17.1,69496.0,2084522.0,22.8,8060.0,6841.0,6672.0,8077.0,23.4,28.7,88000.0,0.16708620689655174,0.2608965517241379
39,California,2012,705634.0,3702427.0,389.0,17.5,69324.0,2167372.0,23.8,8231.0,6872.0,6656.0,8247.0,23.66,26.5,79000.0,0.16018965517241374,0.25787931034482753
40,California,2013,696266.0,3693829.0,405.0,18.8,70126.0,2121351.0,23.5,8769.0,6663.0,6223.0,8693.0,24.33,23.6,73000.0,0.15456896551724136,0.2570689655172414
41,California,2014,681230.0,3961719.0,391.0,18.2,72535.0,2047259.0,22.7,8980.0,6818.0,6105.0,8620.0,23.58,21.1,62000.0,0.1466206896551724,0.24287931034482757
42,California,2015,715254.0,4354525.0,466.0,22.2,72842.0,1901505.0,21.2,8932.0,7358.0,6203.0,8605.0,23.63,19.0,59000.0,0.13767241379310347,0.22046551724137936
43,California,2016,713914.0,4365019.0,475.0,23.0,78711.0,1785347.0,19.9,9451.0,7168.0,5964.0,8939.0,23.26,17.0,62000.0,0.1306551724137931,0.20408620689655163
44,California,2017,697569.0,4479341.0,462.0,22.7,81126.0,1618889.0,18.1,9643.0,7166.0,6035.0,8825.0,23.22,15.1,57000.0,0.12389655172413795,0.19336206896551725
46,Colorado,2010,180584.0,992422.0,69.0,27.1,49938.0,210532.0,17.4,1407.0,959.0,573.0,988.0,17.37,33.4,15000.0,0.14257812499999997,0.215625
47,Colorado,2011,192182.0,1010026.0,77.0,29.5,50407.0,217049.0,17.9,1417.0,904.0,560.0,1086.0,17.77,28.9,16000.0,0.13360937499999995,0.20771874999999998
48,Colorado,2012,183793.0,1090060.0,77.0,29.0,49844.0,223970.0,18.5,1393.0,888.0,593.0,1136.0,17.65,25.4,11000.0,0.1363125,0.2151875000000001
49,Colorado,2013,151096.0,1124112.0,90.0,30.6,50651.0,206642.0,16.9,1510.0,846.0,641.0,1140.0,17.48,23.4,11000.0,0.13559374999999999,0.21604687499999992
50,Colorado,2014,133055.0,1137764.0,87.0,32.2,49828.0,190045.0,15.4,1604.0,930.0,552.0,1165.0,17.3,20.3,13000.0,0.12810937500000003,0.20159374999999996
51,Colorado,2015,137544.0,1142333.0,,,50039.0,182541.0,14.7,1568.0,1006.0,589.0,1159.0,17.36,19.3,14000.0,0.11862500000000004,0.17729687500000002
52,Colorado,2016,134412.0,1172219.0,,,46506.0,166204.0,13.4,1595.0,1093.0,499.0,1189.0,17.4,17.8,13000.0,0.11062500000000004,0.16435937499999995
53,Colorado,2017,138436.0,1306037.0,,,52389.0,149043.0,12.0,1728.0,1040.0,468.0,1218.0,17.38,16.1,12000.0,0.10560937500000002,0.14970312499999996
55,Connecticut,2010,80585.0,0.0,66.0,31.6,65571.0,103498.0,12.8,961.0,788.0,409.0,666.0,13.05,18.7,8000.0,0.1205,0.172125
56,Connecticut,2011,155505.0,0.0,59.0,28.0,70821.0,118809.0,14.9,968.0,800.0,438.0,691.0,12.66,16.4,7000.0,0.118,0.1695
57,Connecticut,2012,137742.0,0.0,56.0,25.1,69766.0,116536.0,14.8,1009.0,759.0,431.0,677.0,12.54,15.1,6000.0,0.12225,0.17812499999999998
58,Connecticut,2013,129874.0,0.0,53.0,24.7,70584.0,112723.0,14.5,1011.0,736.0,447.0,688.0,12.57,12.9,6000.0,0.122875,0.181625
59,Connecticut,2014,134959.0,0.0,53.0,27.3,71709.0,113712.0,14.9,1024.0,747.0,441.0,713.0,12.9,11.5,6000.0,0.11975,0.171875
60,Connecticut,2015,146366.0,0.0,46.0,21.5,72013.0,109293.0,14.5,1075.0,747.0,403.0,727.0,12.29,10.1,5000.0,0.1125,0.15874999999999997
61,Connecticut,2016,154922.0,0.0,58.0,27.2,72561.0,95597.0,12.9,1021.0,806.0,412.0,720.0,12.64,9.4,6000.0,0.10725,0.150125
62,Connecticut,2017,167840.0,0.0,,,73113.0,92583.0,12.6,1112.0,769.0,409.0,671.0,11.79,8.8,3000.0,0.10475,0.145625
64,Delaware,2010,4200103.0,8216582.0,13.0,25.0,57934.0,36655.0,18.1,176.0,235.0,126.0,173.0,14.49,30.5,3000.0,0.12,0.18100000000000002
65,Delaware,2011,4710376.0,9069119.0,15.0,29.1,58800.0,35216.0,17.5,180.0,243.0,124.0,177.0,15.02,29.3,3000.0,0.11533333333333333,0.171
66,Delaware,2012,3068321.0,8702317.0,13.0,25.5,59679.0,34875.0,17.4,195.0,237.0,124.0,181.0,13.94,25.0,3000.0,0.11833333333333333,0.17866666666666664
67,Delaware,2013,3027018.0,9455562.0,14.0,27.8,60571.0,36060.0,18.0,197.0,229.0,112.0,192.0,14.03,24.7,1000.0,0.12033333333333333,0.18933333333333333
68,Delaware,2014,3112027.0,10460928.0,15.0,28.0,59195.0,35491.0,17.7,207.0,224.0,108.0,197.0,13.89,20.7,1000.0,0.119,0.18033333333333332
69,Delaware,2015,3118041.0,10661586.0,13.0,30.6,59085.0,38972.0,19.4,218.0,240.0,109.0,189.0,15.05,18.1,2000.0,0.11633333333333333,0.16933333333333334
70,Delaware,2016,3147329.0,10963807.0,,,60214.0,35002.0,17.4,214.0,273.0,105.0,194.0,14.8,19.5,3000.0,0.11466666666666665,0.16566666666666666
71,Delaware,2017,3202127.0,11346682.0,18.0,37.2,60484.0,36755.0,18.5,203.0,288.0,115.0,175.0,14.5,18.5,1000.0,0.11466666666666665,0.166
73,District of Columbia,2010,2598486.0,6739406.0,3.0,11.1,66601.0,30555.0,30.4,239.0,96.0,80.0,84.0,12.03,45.4,2000.0,0.16459509672381475,0.3074148256654011
74,District of Columbia,2011,2267161.0,7492489.0,3.0,13.2,68720.0,31769.0,30.3,263.0,99.0,73.0,83.0,11.77,42.8,2000.0,0.147,0.27699999999999997
75,District of Columbia,2012,1862297.0,7455147.0,3.0,13.2,70906.0,28623.0,26.5,276.0,99.0,75.0,79.0,12.85,38.6,1000.0,0.14,0.275
76,District of Columbia,2013,1805878.0,7580785.0,3.0,14.4,73162.0,29705.0,27.2,294.0,99.0,66.0,77.0,13.04,32.1,2000.0,0.14,0.273
77,District of Columbia,2014,1804212.0,7837335.0,3.0,12.3,75490.0,29404.0,26.0,303.0,110.0,63.0,77.0,12.33,28.4,1000.0,0.135,0.255
78,District of Columbia,2015,1831221.0,8310872.0,,,75810.0,29729.0,25.6,315.0,95.0,68.0,78.0,12.38,25.6,1000.0,0.127,0.237
79,District of Columbia,2016,1807371.0,8771192.0,,,76131.0,30551.0,25.8,318.0,109.0,63.0,82.0,12.76,24.0,,0.11900000000000001,0.21600000000000003
80,District of Columbia,2017,1846441.0,9212433.0,,,76486.0,31618.0,25.6,327.0,114.0,54.0,84.0,13.11,21.0,1000.0,0.114,0.21100000000000002
82,Florida,2010,382400.0,2093300.0,183.0,20.1,46702.0,923963.0,23.5,3910.0,4445.0,2439.0,4239.0,15.05,32.0,58000.0,0.17788059701492534,0.2659999999999999
83,Florida,2011,347363.0,2088870.0,160.0,18.2,46232.0,980002.0,24.9,4092.0,4617.0,2370.0,4425.0,15.25,29.5,56000.0,0.16361194029850754,0.2591492537313433
84,Florida,2012,318728.0,2161254.0,186.0,20.8,46944.0,1000736.0,25.4,4100.0,4669.0,2420.0,4521.0,15.25,28.0,48000.0,0.16243283582089546,0.26052238805970157
85,Florida,2013,310778.0,1962923.0,225.0,24.8,46691.0,968765.0,24.5,4297.0,4660.0,2403.0,4542.0,15.3,24.6,48000.0,0.16538805970149253,0.26488059701492556
86,Florida,2014,286988.0,2354601.0,210.0,23.4,48992.0,948465.0,23.8,4311.0,4820.0,2267.0,4676.0,15.28,22.5,47000.0,0.16491044776119407,0.25950746268656716
87,Florida,2015,259390.0,2381547.0,240.0,24.2,49199.0,931601.0,23.1,4315.0,5158.0,2559.0,4356.0,15.29,20.8,49000.0,0.16226865671641796,0.2385820895522388
88,Florida,2016,261131.0,2710361.0,228.0,22.5,49407.0,858711.0,21.0,4392.0,5025.0,2504.0,4763.0,15.12,19.3,45000.0,0.1550746268656716,0.22307462686567175
89,Florida,2017,252145.0,2534177.0,251.0,25.5,47721.0,840179.0,20.3,4860.0,5003.0,2356.0,4911.0,15.22,18.2,47000.0,0.1464179104477612,0.21474626865671637
91,Georgia,2010,444112.0,1231537.0,88.0,15.9,53906.0,610722.0,24.8,1944.0,2244.0,1448.0,1871.0,14.91,41.4,43000.0,0.1951698113207548,0.2819056603773584
92,Georgia,2011,292602.0,1320153.0,104.0,19.0,52938.0,646824.0,26.3,1921.0,2188.0,1397.0,2096.0,15.16,38.2,40000.0,0.18544025157232696,0.28115094339622637
93,Georgia,2012,266087.0,1238989.0,115.0,20.2,52880.0,672040.0,27.2,2092.0,2164.0,1355.0,1982.0,15.57,33.8,34000.0,0.18282389937106913,0.2855974842767296
94,Georgia,2013,237912.0,1278155.0,103.0,19.1,52924.0,650910.0,26.5,2080.0,2165.0,1307.0,2011.0,15.75,30.5,33000.0,0.18477358490566032,0.2937358490566037
95,Georgia,2014,232593.0,1319582.0,113.0,22.0,53382.0,645855.0,26.3,2278.0,2092.0,1270.0,2064.0,15.65,28.4,28000.0,0.17939622641509428,0.2843522012578615
96,Georgia,2015,232449.0,1381205.0,109.0,21.5,54190.0,603354.0,24.5,2073.0,2298.0,1343.0,2171.0,15.55,25.6,29000.0,0.16993081761006296,0.25708176100628927
97,Georgia,2016,240322.0,1454830.0,134.0,25.6,54602.0,566005.0,22.9,2210.0,2273.0,1429.0,2128.0,15.37,23.6,30000.0,0.16447798742138361,0.24039622641509428
98,Georgia,2017,235740.0,1557977.0,132.0,24.4,56329.0,519099.0,21.0,2420.0,2420.0,1320.0,2008.0,15.24,21.9,28000.0,0.15710691823899373,0.22793081761006262
100,Hawaii,2010,1477561.0,7342841.0,15.0,21.6,55063.0,41230.0,13.9,259.0,314.0,138.0,294.0,15.76,32.5,3000.0,0.1366,0.21175
101,Hawaii,2011,1024389.0,7340384.0,15.0,21.5,54268.0,50834.0,17.0,291.0,322.0,138.0,311.0,15.95,30.0,3000.0,0.1514,0.18059999999999998
102,Hawaii,2012,1096902.0,7462594.0,14.0,17.6,54300.0,51233.0,17.1,279.0,357.0,156.0,295.0,15.92,28.1,3000.0,0.1504,0.2378
103,Hawaii,2013,980013.0,7503451.0,16.0,21.1,56291.0,40288.0,13.3,297.0,346.0,128.0,330.0,15.86,25.1,2000.0,0.15000000000000002,0.23074999999999998
104,Hawaii,2014,933891.0,7632238.0,18.0,25.2,57189.0,44363.0,14.7,311.0,345.0,127.0,326.0,15.64,23.1,3000.0,0.1488,0.23120000000000002
105,Hawaii,2015,929878.0,7676341.0,21.0,27.3,57431.0,43438.0,14.2,298.0,343.0,131.0,328.0,15.49,20.6,2000.0,0.1394,0.2104
106,Hawaii,2016,954837.0,7780711.0,,,57674.0,30507.0,10.1,322.0,345.0,122.0,333.0,15.41,19.2,2000.0,0.129,0.19319999999999998
107,Hawaii,2017,932489.0,7939731.0,,,57866.0,34441.0,11.5,348.0,333.0,122.0,328.0,15.03,19.1,2000.0,0.1202,0.1712
109,Idaho,2010,728361.0,2217889.0,30.0,33.7,47416.0,80316.0,19.0,263.0,325.0,187.0,393.0,17.6,33.0,5000.0,0.16522727272727275,0.22715909090909092
110,Idaho,2011,596688.0,2537754.0,24.0,28.8,48551.0,85173.0,20.4,257.0,348.0,204.0,378.0,17.5,27.7,4000.0,0.15813636363636366,0.21654545454545457
111,Idaho,2012,512246.0,2681035.0,32.0,33.3,49734.0,86532.0,20.7,279.0,330.0,198.0,408.0,19.56,28.3,4000.0,0.15045454545454545,0.21115909090909096
112,Idaho,2013,459132.0,3118413.0,34.0,34.7,50945.0,80676.0,19.1,290.0,339.0,197.0,405.0,19.76,25.7,6000.0,0.15077272727272728,0.21343181818181814
113,Idaho,2014,455586.0,3247115.0,33.0,33.2,45218.0,80025.0,18.8,271.0,354.0,222.0,397.0,18.64,23.2,3000.0,0.14547727272727273,0.1992727272727273
114,Idaho,2015,458457.0,3460798.0,36.0,39.7,45409.0,75634.0,17.8,308.0,315.0,223.0,413.0,18.67,22.5,6000.0,0.1364090909090909,0.18220454545454548
115,Idaho,2016,464852.0,3583134.0,32.0,37.3,47504.0,76266.0,17.7,305.0,347.0,180.0,465.0,18.34,20.1,3000.0,0.13211363636363635,0.17670454545454548
116,Idaho,2017,478167.0,3732337.0,32.0,37.0,49225.0,67147.0,15.3,339.0,335.0,191.0,450.0,18.15,18.6,5000.0,0.12543181818181826,0.16915909090909087
118,Illinois,2010,673692.0,2860999.0,187.0,25.8,63005.0,600045.0,19.4,2873.0,2890.0,1673.0,2704.0,15.73,33.0,37000.0,0.13556862745098042,0.21747058823529422
119,Illinois,2011,612100.0,2945175.0,182.0,26.6,66053.0,658340.0,21.6,2892.0,2873.0,1699.0,2778.0,15.81,29.5,36000.0,0.12073529411764704,0.20746078431372553
120,Illinois,2012,410051.0,3173205.0,192.0,27.7,59113.0,624272.0,20.7,2914.0,2942.0,1614.0,2682.0,15.28,27.9,26000.0,0.12477450980392156,0.2131568627450979
121,Illinois,2013,420820.0,3193838.0,185.0,26.3,60124.0,616060.0,20.7,3130.0,2781.0,1499.0,2818.0,15.16,24.6,25000.0,0.13530392156862744,0.2299411764705882
122,Illinois,2014,419415.0,3265012.0,196.0,28.5,61083.0,593186.0,20.2,3097.0,2692.0,1564.0,2947.0,15.48,22.8,25000.0,0.12316666666666667,0.21489215686274507
123,Illinois,2015,475273.0,3967809.0,212.0,31.1,61342.0,558784.0,19.1,3290.0,2772.0,1530.0,2733.0,15.71,21.1,23000.0,0.11936274509803922,0.19297058823529412
124,Illinois,2016,453922.0,3949517.0,200.0,28.6,61602.0,511679.0,17.7,3423.0,2641.0,1448.0,2744.0,15.72,18.7,26000.0,0.11579411764705881,0.17851960784313728
125,Illinois,2017,537064.0,4016495.0,203.0,30.6,65776.0,486196.0,17.0,3394.0,2740.0,1338.0,2741.0,15.64,17.4,25000.0,0.11038235294117647,0.16833333333333336
127,Indiana,2010,1059915.0,3662243.0,95.0,23.1,50407.0,342172.0,21.7,979.0,1927.0,855.0,1281.0,18.02,37.3,25000.0,0.14607608695652172,0.2199782608695652
128,Indiana,2011,1164688.0,3704150.0,107.0,28.1,51629.0,360859.0,23.0,1049.0,1865.0,808.0,1324.0,16.7,34.8,23000.0,0.1367065217391305,0.20917391304347827
129,Indiana,2012,983232.0,3920971.0,109.0,28.1,51456.0,349524.0,22.4,986.0,1681.0,963.0,1412.0,17.4,33.0,23000.0,0.1401304347826087,0.2159021739130435
130,Indiana,2013,867735.0,3960822.0,104.0,28.6,50644.0,345056.0,22.2,1029.0,1731.0,850.0,1448.0,17.51,30.3,19000.0,0.14126086956521733,0.22203260869565217
131,Indiana,2014,825742.0,3966872.0,113.0,30.7,50502.0,333348.0,21.5,1090.0,1810.0,791.0,1406.0,18.5,28.0,18000.0,0.1350652173913043,0.21064130434782607
132,Indiana,2015,848963.0,4176753.0,113.0,32.0,50715.0,322520.0,20.9,1190.0,1885.0,845.0,1235.0,18.15,26.0,18000.0,0.12850000000000006,0.18999999999999997
133,Indiana,2016,880296.0,4269100.0,127.0,36.9,50554.0,301156.0,19.5,1224.0,1817.0,833.0,1333.0,17.45,23.6,18000.0,0.12470652173913047,0.1788369565217392
134,Indiana,2017,911061.0,4330473.0,158.0,37.7,54846.0,282390.0,18.4,1379.0,1640.0,817.0,1375.0,17.28,22.8,22000.0,0.11870652173913046,0.16922826086956516
136,Iowa,2010,1549575.0,3348043.0,77.0,44.3,50634.0,115365.0,16.3,525.0,763.0,364.0,748.0,14.31,28.6,8000.0,0.12563636363636368,0.18900000000000008
137,Iowa,2011,1497262.0,3269321.0,67.0,42.0,51037.0,122828.0,17.3,524.0,757.0,386.0,716.0,14.31,25.3,8000.0,0.11845454545454544,0.18356565656565657
138,Iowa,2012,1527734.0,3588546.0,65.0,40.7,51528.0,112573.0,15.9,579.0,757.0,379.0,724.0,14.25,24.1,6000.0,0.11945454545454547,0.19387878787878793
139,Iowa,2013,1229248.0,3370399.0,79.0,46.8,51662.0,115194.0,16.2,596.0,744.0,365.0,712.0,14.21,22.1,5000.0,0.11932323232323232,0.1968686868686869
140,Iowa,2014,1272004.0,3455315.0,77.0,49.0,52862.0,108888.0,15.3,569.0,797.0,313.0,784.0,14.16,19.8,6000.0,0.11920202020202017,0.18659595959595976
141,Iowa,2015,1235580.0,3480365.0,77.0,50.6,54416.0,105540.0,14.8,635.0,762.0,298.0,775.0,14.24,18.6,6000.0,0.11329292929292932,0.17104040404040396
142,Iowa,2016,1021465.0,3480353.0,71.0,49.1,55443.0,105032.0,14.8,679.0,728.0,322.0,761.0,14.24,17.2,7000.0,0.11023232323232324,0.1651515151515152
143,Iowa,2017,1045678.0,3484308.0,,,56790.0,88070.0,12.3,719.0,714.0,276.0,800.0,14.4,16.0,8000.0,0.10614141414141419,0.15964646464646465
145,Kansas,2010,320917.0,1083913.0,62.0,39.8,47080.0,131258.0,18.4,594.0,567.0,331.0,663.0,13.96,39.3,7000.0,0.12995238095238093,0.20998095238095232
146,Kansas,2011,289290.0,1043281.0,50.0,36.2,46718.0,133556.0,18.8,642.0,532.0,325.0,670.0,13.0,35.4,7000.0,0.12336190476190478,0.20590476190476184
147,Kansas,2012,239982.0,1012326.0,53.0,36.8,47464.0,135006.0,19.0,675.0,573.0,313.0,648.0,11.86,34.1,8000.0,0.12716190476190475,0.21516190476190472
148,Kansas,2013,196466.0,1029166.0,61.0,38.9,48221.0,132460.0,18.7,639.0,595.0,317.0,675.0,13.01,29.6,5000.0,0.13032380952380954,0.223152380952381
149,Kansas,2014,182961.0,1032280.0,66.0,42.3,48990.0,126063.0,17.7,688.0,519.0,330.0,708.0,13.2,27.6,6000.0,0.12846666666666667,0.215447619047619
150,Kansas,2015,183883.0,1060925.0,64.0,42.1,49197.0,122329.0,17.2,644.0,588.0,373.0,658.0,12.39,25.5,6000.0,0.12235238095238096,0.19632380952380957
151,Kansas,2016,185803.0,1074641.0,64.0,39.3,47984.0,99323.0,14.1,668.0,559.0,358.0,671.0,13.66,21.9,7000.0,0.12109523809523808,0.19397142857142852
152,Kansas,2017,184381.0,1061490.0,,,50403.0,103689.0,14.8,665.0,588.0,325.0,689.0,13.66,21.3,7000.0,0.11836190476190477,0.18425714285714287
154,Kentucky,2010,1004498.0,5544725.0,67.0,31.2,50038.0,262760.0,26.3,684.0,1065.0,776.0,915.0,16.01,46.2,15000.0,0.17409166666666667,0.2400666666666667
155,Kentucky,2011,1255964.0,5508339.0,60.0,26.0,49730.0,275394.0,27.4,718.0,1117.0,670.0,932.0,16.29,43.5,10000.0,0.1632666666666667,0.2283916666666667
156,Kentucky,2012,859635.0,5980541.0,68.0,30.2,50326.0,263819.0,26.5,691.0,1227.0,616.0,918.0,16.02,41.5,10000.0,0.15970833333333345,0.22828333333333334
157,Kentucky,2013,828432.0,6093652.0,63.0,31.3,50705.0,251262.0,25.3,682.0,1248.0,611.0,968.0,16.2,39.5,9000.0,0.16715833333333335,0.24383333333333335
158,Kentucky,2014,816033.0,6186736.0,58.0,28.8,51093.0,259751.0,26.2,786.0,1183.0,577.0,983.0,16.56,35.3,9000.0,0.16247499999999998,0.23315
159,Kentucky,2015,819162.0,6267624.0,58.0,27.6,51666.0,256106.0,25.9,819.0,1114.0,637.0,905.0,16.39,32.4,10000.0,0.15710833333333332,0.21603333333333335
160,Kentucky,2016,823599.0,6334951.0,69.0,29.9,52339.0,247780.0,25.0,851.0,1136.0,696.0,865.0,16.27,30.9,13000.0,0.15709166666666666,0.21185833333333332
161,Kentucky,2017,851865.0,6499820.0,87.0,34.8,52952.0,222906.0,22.4,773.0,1145.0,638.0,1003.0,16.19,29.0,10000.0,0.15429166666666663,0.2081083333333334
163,Louisiana,2010,1092892.0,5742989.0,67.0,23.7,49634.0,299779.0,27.3,755.0,1267.0,622.0,882.0,14.32,47.7,26000.0,0.16182812500000004,0.22626562500000003
164,Louisiana,2011,1197383.0,5783240.0,61.0,22.4,50179.0,317468.0,28.8,821.0,1014.0,716.0,924.0,14.46,45.1,18000.0,0.15859374999999995,0.22389062499999998
165,Louisiana,2012,979175.0,6200945.0,50.0,19.4,51381.0,310053.0,28.1,729.0,1205.0,741.0,915.0,15.29,43.1,19000.0,0.1567187499999999,0.22629687500000006
166,Louisiana,2013,818054.0,6428534.0,67.0,24.9,52259.0,304244.0,27.7,765.0,1243.0,662.0,865.0,15.32,39.2,20000.0,0.16274999999999998,0.24590625
167,Louisiana,2014,791029.0,6587492.0,57.0,25.3,47886.0,306198.0,27.9,827.0,1203.0,684.0,901.0,15.47,35.8,16000.0,0.17103125,0.25239062500000004
168,Louisiana,2015,778939.0,6808436.0,66.0,27.7,46733.0,312710.0,28.4,740.0,1195.0,729.0,962.0,12.29,34.1,14000.0,0.17257812500000003,0.24400000000000002
169,Louisiana,2016,765043.0,6770086.0,58.0,23.5,50000.0,313926.0,28.6,822.0,1142.0,695.0,1014.0,14.8,30.6,16000.0,0.17009375000000002,0.240515625
170,Louisiana,2017,862648.0,6984320.0,55.0,23.3,50256.0,306513.0,28.0,799.0,1162.0,735.0,955.0,17.75,29.1,14000.0,0.16557812500000005,0.23460937499999995
172,Maine,2010,2383817.0,9694417.0,28.0,38.4,47182.0,47727.0,17.8,278.0,358.0,171.0,276.0,12.29,21.4,3000.0,0.1535,0.23675
173,Maine,2011,2525528.0,9845508.0,26.0,37.9,48283.0,49561.0,18.8,280.0,350.0,158.0,291.0,12.69,20.8,2000.0,0.14862500000000003,0.23006250000000003
174,Maine,2012,1866406.0,9796808.0,26.0,35.6,48119.0,54065.0,20.9,274.0,376.0,148.0,315.0,12.2,19.4,2000.0,0.15306250000000005,0.23987500000000003
175,Maine,2013,1636324.0,9882361.0,27.0,39.8,49232.0,45159.0,17.7,291.0,365.0,140.0,318.0,11.91,17.4,2000.0,0.1544375,0.2454375
176,Maine,2014,1563397.0,10073758.0,22.0,39.0,50017.0,48007.0,19.1,317.0,360.0,135.0,284.0,12.22,16.5,2000.0,0.15387499999999998,0.2421875
177,Maine,2015,1582706.0,10510346.0,,,50229.0,43343.0,17.4,280.0,377.0,146.0,282.0,12.22,15.4,2000.0,0.14743749999999997,0.2235
178,Maine,2016,1552824.0,10727785.0,,,51077.0,42753.0,17.2,310.0,375.0,128.0,322.0,12.24,14.7,2000.0,0.14118750000000002,0.20949999999999996
179,Maine,2017,1521781.0,10997430.0,,,51663.0,32567.0,13.1,317.0,370.0,133.0,292.0,12.23,13.1,2000.0,0.13387500000000002,0.1986875
181,Maryland,2010,1245368.0,5978487.0,94.0,28.9,65113.0,173113.0,13.0,1520.0,1229.0,689.0,1123.0,14.59,27.3,18000.0,0.11275000000000002,0.18395833333333336
182,Maryland,2011,842906.0,6289912.0,84.0,28.0,63634.0,178725.0,13.5,1576.0,1262.0,716.0,1121.0,14.83,24.7,15000.0,0.10854166666666669,0.189875
183,Maryland,2012,740098.0,6642440.0,81.0,27.3,65265.0,183044.0,13.8,1600.0,1236.0,710.0,1156.0,14.89,22.1,14000.0,0.11545833333333333,0.20129166666666673
184,Maryland,2013,646542.0,6792440.0,72.0,24.4,64868.0,180351.0,13.6,1741.0,1161.0,690.0,1205.0,14.78,19.4,12000.0,0.12099999999999998,0.20979166666666668
185,Maryland,2014,630445.0,7603409.0,66.0,22.8,64845.0,173305.0,13.0,1744.0,1211.0,614.0,1238.0,14.77,17.8,11000.0,0.11562499999999999,0.2011666666666667
186,Maryland,2015,629909.0,7567199.0,90.0,29.8,66482.0,175124.0,13.2,1790.0,1201.0,581.0,1225.0,14.8,17.0,12000.0,0.111375,0.18654166666666672
187,Maryland,2016,634332.0,7887346.0,,,66961.0,168811.0,12.7,1744.0,1258.0,567.0,1201.0,14.84,15.9,10000.0,0.10433333333333335,0.168125
188,Maryland,2017,653076.0,8077366.0,,,69761.0,159886.0,12.0,1812.0,1203.0,610.0,1186.0,14.85,14.2,9000.0,0.10237500000000001,0.16491666666666668
190,Massachusetts,2010,945973.0,2109089.0,113.0,28.7,71017.0,200817.0,14.3,1921.0,1535.0,814.0,1186.0,13.9,17.2,14000.0,0.10914285714285714,0.1524285714285714
191,Massachusetts,2011,1006465.0,2071467.0,125.0,32.6,72000.0,211789.0,15.2,1936.0,1443.0,799.0,1213.0,13.75,15.4,12000.0,0.10228571428571429,0.14471428571428574
192,Massachusetts,2012,795110.0,2195720.0,101.0,26.3,73129.0,213206.0,15.4,2001.0,1305.0,781.0,1275.0,13.52,14.1,11000.0,0.10485714285714287,0.15542857142857144
193,Massachusetts,2013,707522.0,2213501.0,110.0,27.4,73736.0,223480.0,16.3,2024.0,1368.0,789.0,1272.0,13.56,12.1,11000.0,0.10907142857142856,0.16642857142857143
194,Massachusetts,2014,664697.0,2243098.0,119.0,31.2,74805.0,207673.0,15.2,2053.0,1458.0,811.0,1121.0,13.3,10.6,10000.0,0.10707142857142857,0.15685714285714286
195,Massachusetts,2015,672366.0,2324855.0,96.0,29.3,76981.0,202513.0,14.8,2245.0,1399.0,692.0,1171.0,13.39,9.4,9000.0,0.1022857142857143,0.14214285714285715
196,Massachusetts,2016,690724.0,2411621.0,106.0,33.8,77804.0,184743.0,13.6,2383.0,1407.0,699.0,1161.0,13.32,8.5,9000.0,0.09257142857142855,0.1255
197,Massachusetts,2017,671484.0,2413145.0,103.0,30.3,79710.0,182470.0,13.5,2348.0,1377.0,646.0,1272.0,13.15,8.1,12000.0,0.0902142857142857,0.12250000000000003
199,Michigan,2010,1430854.0,3471772.0,183.0,29.3,58595.0,538649.0,23.5,1913.0,2541.0,1193.0,2282.0,17.91,30.1,30000.0,0.16099999999999998,0.24022891566265056
200,Michigan,2011,1344755.0,3828396.0,169.0,28.5,64879.0,560109.0,24.8,1821.0,2473.0,1263.0,2322.0,18.09,27.8,30000.0,0.1406987951807228,0.2222409638554216
201,Michigan,2012,994192.0,4115324.0,183.0,30.7,61560.0,554153.0,24.9,1980.0,2302.0,1164.0,2414.0,18.05,26.3,25000.0,0.1412771084337349,0.2219277108433735
202,Michigan,2013,894168.0,4235564.0,147.0,28.7,61866.0,523798.0,23.8,2001.0,2369.0,1034.0,2485.0,18.05,23.6,28000.0,0.15099999999999994,0.22975903614457832
203,Michigan,2014,895743.0,4267069.0,164.0,31.9,62778.0,492853.0,22.6,1951.0,2460.0,1081.0,2495.0,18.09,21.1,21000.0,0.1408313253012049,0.2135180722891566
204,Michigan,2015,948600.0,4441091.0,172.0,34.8,63878.0,485920.0,22.4,1957.0,2549.0,1126.0,2469.0,18.25,19.4,24000.0,0.13172289156626507,0.1881084337349397
205,Michigan,2016,924655.0,4568867.0,171.0,36.4,62200.0,445803.0,20.7,2123.0,2503.0,968.0,2464.0,18.29,17.7,26000.0,0.12860240963855418,0.17546987951807225
206,Michigan,2017,925895.0,4676130.0,175.0,35.4,62702.0,419449.0,19.7,2353.0,2336.0,987.0,2449.0,17.95,16.4,17000.0,0.12887951807228915,0.17143373493975908
208,Minnesota,2010,256049.0,744931.0,106.0,40.5,53215.0,192437.0,15.2,1183.0,1103.0,581.0,1276.0,15.91,22.5,11000.0,0.10491954022988506,0.16631034482758625
209,Minnesota,2011,264517.0,713642.0,122.0,41.8,54959.0,194260.0,15.4,1237.0,1102.0,549.0,1272.0,15.89,19.3,10000.0,0.09547126436781608,0.16043678160919542
210,Minnesota,2012,214164.0,761029.0,105.0,36.7,56268.0,183763.0,14.6,1276.0,1075.0,547.0,1334.0,15.78,18.5,9000.0,0.09804597701149424,0.16678160919540222
211,Minnesota,2013,210593.0,788329.0,115.0,39.4,57230.0,176719.0,14.0,1370.0,972.0,560.0,1397.0,15.64,16.8,10000.0,0.10137931034482761,0.1730459770114942
212,Minnesota,2014,201528.0,822788.0,122.0,42.9,56670.0,188717.0,14.9,1357.0,1020.0,540.0,1418.0,15.39,15.5,8000.0,0.09834482758620693,0.1650804597701149
213,Minnesota,2015,214980.0,851068.0,120.0,45.8,56910.0,165399.0,13.1,1418.0,1025.0,602.0,1315.0,15.44,13.7,8000.0,0.09564367816091955,0.15381609195402293
214,Minnesota,2016,220340.0,840804.0,132.0,45.2,57346.0,160626.0,12.7,1542.0,1021.0,562.0,1288.0,15.43,12.6,9000.0,0.092816091954023,0.14683908045977015
215,Minnesota,2017,220212.0,853269.0,137.0,47.1,57782.0,149926.0,11.8,1342.0,1036.0,599.0,1390.0,15.45,12.1,9000.0,0.09163218390804598,0.14241379310344826
217,Mississippi,2010,465728.0,1184996.0,40.0,20.8,46818.0,241595.0,32.5,345.0,678.0,542.0,646.0,15.21,55.0,16000.0,0.22564634146341458,0.2823658536585364
218,Mississippi,2011,571969.0,1153077.0,43.0,22.7,41646.0,235727.0,31.8,444.0,693.0,506.0,652.0,15.33,50.2,11000.0,0.22360975609756104,0.2784024390243902
219,Mississippi,2012,366016.0,1166374.0,37.0,20.7,41994.0,255839.0,34.7,506.0,631.0,516.0,655.0,15.14,46.1,12000.0,0.2199999999999999,0.27726829268292674
220,Mississippi,2013,366241.0,1217306.0,31.0,19.3,42187.0,246298.0,34.0,450.0,682.0,510.0,625.0,15.25,42.6,11000.0,0.22668292682926838,0.29275609756097565
221,Mississippi,2014,318179.0,1283012.0,38.0,20.4,42564.0,211726.0,29.4,489.0,661.0,475.0,686.0,15.19,38.0,9000.0,0.22868292682926833,0.2862804878048779
222,Mississippi,2015,344382.0,1350116.0,33.0,20.9,42744.0,224273.0,31.3,444.0,755.0,481.0,685.0,15.14,34.8,9000.0,0.21930487804878046,0.2658536585365855
223,Mississippi,2016,346826.0,1437048.0,32.0,18.7,42925.0,211466.0,29.7,429.0,711.0,493.0,721.0,15.13,32.6,8000.0,0.21203658536585362,0.25525609756097556
224,Mississippi,2017,341328.0,1450757.0,34.0,19.7,43107.0,189541.0,26.9,447.0,720.0,408.0,776.0,15.13,31.0,9000.0,0.20345121951219508,0.24241463414634143
226,Missouri,2010,358496.0,2341891.0,102.0,33.4,46411.0,290959.0,20.9,936.0,1616.0,875.0,1356.0,13.77,37.1,20000.0,0.1623739130434783,0.2432434782608695
227,Missouri,2011,447002.0,2359671.0,94.0,31.2,46406.0,306038.0,22.1,1079.0,1476.0,837.0,1394.0,13.83,34.5,18000.0,0.15373043478260862,0.23186956521739133
228,Missouri,2012,403548.0,2401035.0,91.0,29.5,47517.0,310229.0,22.6,1195.0,1400.0,755.0,1382.0,13.86,32.2,18000.0,0.1540695652173913,0.2259478260869565
229,Missouri,2013,392009.0,2556472.0,104.0,32.5,48329.0,304178.0,22.2,1253.0,1353.0,790.0,1391.0,13.78,30.0,14000.0,0.1602869565217391,0.23190434782608696
230,Missouri,2014,381596.0,2651854.0,111.0,35.2,47394.0,287081.0,21.1,1189.0,1611.0,673.0,1392.0,13.63,27.2,14000.0,0.15959130434782604,0.22924347826086955
231,Missouri,2015,395630.0,2744606.0,128.0,40.0,47849.0,275711.0,20.2,1362.0,1407.0,659.0,1399.0,13.59,25.0,15000.0,0.15259999999999993,0.21026086956521742
232,Missouri,2016,401323.0,2816911.0,127.0,40.0,48293.0,261353.0,19.2,1376.0,1446.0,708.0,1285.0,13.47,23.4,14000.0,0.14718260869565217,0.19790434782608693
233,Missouri,2017,426468.0,2952685.0,118.0,36.1,49208.0,252041.0,18.6,1282.0,1436.0,739.0,1297.0,13.37,22.5,13000.0,0.14064347826086954,0.1918608695652174
235,Montana,2010,185175.0,1060998.0,14.0,29.4,47132.0,43818.0,20.1,200.0,252.0,97.0,242.0,13.68,35.0,4000.0,0.14194642857142858,0.20658928571428575
236,Montana,2011,184768.0,1061011.0,17.0,35.2,48546.0,43110.0,19.7,211.0,248.0,97.0,241.0,14.02,29.2,4000.0,0.13732142857142862,0.20980357142857148
237,Montana,2012,187243.0,1029325.0,18.0,38.6,49999.0,43733.0,20.3,222.0,241.0,81.0,250.0,14.01,28.8,3000.0,0.13473214285714288,0.21551785714285718
238,Montana,2013,163890.0,1020089.0,15.0,33.7,49893.0,46806.0,21.3,218.0,246.0,96.0,261.0,13.98,27.9,3000.0,0.13355357142857144,0.21487499999999995
239,Montana,2014,161989.0,1003995.0,20.0,42.0,50999.0,40619.0,18.5,195.0,259.0,110.0,254.0,14.12,26.4,3000.0,0.13191071428571427,0.2085357142857143
240,Montana,2015,164905.0,1000063.0,22.0,42.1,51215.0,42837.0,19.4,239.0,220.0,109.0,257.0,13.96,25.3,3000.0,0.1295892857142857,0.19633928571428566
241,Montana,2016,169166.0,1004753.0,22.0,42.8,51422.0,33818.0,15.1,232.0,236.0,96.0,265.0,13.87,23.7,2000.0,0.12653571428571428,0.1856607142857143
242,Montana,2017,168674.0,1004048.0,19.0,39.2,52776.0,32857.0,14.7,253.0,232.0,87.0,275.0,14.21,21.2,3000.0,0.12050000000000004,0.18001785714285715
244,Nebraska,2010,2386865.0,9059511.0,41.0,43.0,47521.0,81952.0,18.2,366.0,396.0,220.0,420.0,13.36,31.1,3000.0,0.11400000000000002,0.19569892473118294
245,Nebraska,2011,1283994.0,9331426.0,43.0,42.4,48718.0,81943.0,18.1,359.0,425.0,226.0,410.0,13.58,27.2,3000.0,0.10808602150537636,0.18876344086021513
246,Nebraska,2012,1371038.0,10401941.0,38.0,41.0,48931.0,80839.0,17.9,377.0,416.0,210.0,436.0,13.73,26.8,4000.0,0.11523655913978495,0.19919354838709669
247,Nebraska,2013,1145079.0,10986132.0,41.0,47.0,49545.0,80653.0,17.7,400.0,379.0,205.0,474.0,13.73,24.9,2000.0,0.12288172043010753,0.21386021505376343
248,Nebraska,2014,1142878.0,11047025.0,42.0,46.0,50318.0,74414.0,16.2,421.0,345.0,201.0,486.0,13.6,22.2,3000.0,0.1203655913978494,0.20623655913978503
249,Nebraska,2015,1154004.0,11418483.0,,,51364.0,78002.0,16.8,413.0,387.0,217.0,473.0,13.56,22.0,3000.0,0.11798924731182804,0.19075268817204297
250,Nebraska,2016,1183917.0,11676977.0,51.0,47.6,52338.0,65847.0,14.2,436.0,363.0,237.0,434.0,13.52,19.1,2000.0,0.11405376344086024,0.18184946236559144
251,Nebraska,2017,1205301.0,12037723.0,,,53473.0,65591.0,14.1,450.0,362.0,199.0,474.0,13.62,18.1,3000.0,0.11278494623655919,0.17829032258064514
253,Nevada,2010,753816.0,2307843.0,32.0,24.4,53023.0,144204.0,22.0,416.0,690.0,381.0,570.0,20.02,38.6,13000.0,0.15794117647058825,0.2529411764705883
254,Nevada,2011,636436.0,2355210.0,38.0,26.6,54559.0,144440.0,22.1,471.0,668.0,366.0,640.0,20.8,36.1,10000.0,0.1406470588235294,0.25170588235294117
255,Nevada,2012,491732.0,2380982.0,38.0,27.4,55957.0,156523.0,24.0,476.0,632.0,381.0,647.0,21.54,33.4,9000.0,0.13847058823529412,0.2535294117647059
256,Nevada,2013,519318.0,2401884.0,34.0,24.0,57391.0,147696.0,22.7,422.0,703.0,365.0,697.0,20.61,30.3,8000.0,0.14217647058823532,0.2552941176470589
257,Nevada,2014,466320.0,2505492.0,35.0,24.2,56703.0,143621.0,22.0,452.0,741.0,370.0,655.0,21.2,28.5,6000.0,0.13452941176470587,0.24694117647058822
258,Nevada,2015,499789.0,2595682.0,45.0,30.6,56943.0,137348.0,20.9,518.0,665.0,368.0,719.0,20.59,27.6,8000.0,0.1285294117647059,0.22817647058823531
259,Nevada,2016,506995.0,2591444.0,43.0,28.2,57376.0,126874.0,19.1,531.0,738.0,351.0,683.0,19.99,24.2,10000.0,0.12135294117647057,0.2133529411764706
260,Nevada,2017,540695.0,2521256.0,45.0,31.2,57812.0,124514.0,18.5,498.0,836.0,350.0,699.0,20.49,21.9,7000.0,0.11341176470588238,0.20288235294117649
262,New Hampshire,2010,3694050.0,23111427.0,24.0,35.5,52792.0,28315.0,10.0,356.0,287.0,137.0,305.0,12.67,15.7,2000.0,0.0996,0.1353
263,New Hampshire,2011,5118477.0,23188002.0,24.0,33.9,54177.0,33031.0,12.0,360.0,275.0,135.0,301.0,12.75,13.7,2000.0,0.09639999999999999,0.1346
264,New Hampshire,2012,3769627.0,23314292.0,27.0,37.6,55599.0,42069.0,15.6,362.0,292.0,136.0,291.0,12.66,13.8,2000.0,0.1031,0.1486
265,New Hampshire,2013,3335657.0,23632698.0,27.0,41.3,57057.0,27122.0,10.2,382.0,293.0,132.0,283.0,12.57,12.6,1000.0,0.10629999999999999,0.1598
266,New Hampshire,2014,3347393.0,24830862.0,26.0,41.2,58554.0,34463.0,13.0,367.0,314.0,119.0,299.0,12.5,11.0,2000.0,0.1036,0.15479999999999997
267,New Hampshire,2015,2869847.0,25900858.0,30.0,44.8,58802.0,27592.0,10.7,374.0,304.0,113.0,318.0,12.35,10.9,1000.0,0.09989999999999999,0.13890000000000002
268,New Hampshire,2016,3369803.0,27437593.0,28.0,41.9,57253.0,20141.0,7.9,385.0,298.0,116.0,284.0,12.26,9.3,2000.0,0.09389999999999998,0.12930000000000003
269,New Hampshire,2017,3682960.0,28600336.0,,,57833.0,25909.0,10.3,390.0,328.0,119.0,274.0,12.3,8.4,2000.0,0.09109999999999999,0.12190000000000001
271,New Jersey,2010,1927843.0,7451302.0,117.0,23.5,66985.0,295346.0,14.5,2143.0,2169.0,1141.0,1560.0,12.73,20.1,19000.0,0.12423809523809522,0.17104761904761906
272,New Jersey,2011,2046954.0,7488570.0,104.0,21.3,68207.0,296198.0,14.7,2250.0,2081.0,1133.0,1621.0,12.36,18.7,15000.0,0.12042857142857144,0.16795238095238096
273,New Jersey,2012,1831015.0,7648102.0,127.0,24.4,68797.0,310226.0,15.4,2308.0,2032.0,1126.0,1536.0,12.37,16.7,12000.0,0.12171428571428573,0.17633333333333331
274,New Jersey,2013,1579889.0,7891977.0,119.0,23.8,70060.0,333375.0,16.7,2398.0,1983.0,1122.0,1563.0,11.96,14.8,13000.0,0.11614285714285717,0.1764761904761905
275,New Jersey,2014,1529624.0,7849343.0,130.0,26.1,69038.0,315563.0,15.9,2360.0,1993.0,1108.0,1730.0,12.17,13.1,12000.0,0.11200000000000003,0.1664285714285714
276,New Jersey,2015,1589570.0,8172685.0,106.0,21.9,69330.0,308238.0,15.6,2606.0,2014.0,1015.0,1644.0,12.25,12.1,11000.0,0.10447619047619047,0.14695238095238097
277,New Jersey,2016,1557900.0,8287126.0,108.0,22.9,69623.0,285479.0,14.6,2706.0,2080.0,974.0,1537.0,12.19,11.0,12000.0,0.10014285714285716,0.13561904761904764
278,New Jersey,2017,1562965.0,8596449.0,98.0,21.6,69917.0,272251.0,13.9,2683.0,2028.0,824.0,1683.0,12.19,10.3,12000.0,0.0963809523809524,0.13442857142857145
280,New Mexico,2010,277985.0,552616.0,21.0,20.5,46950.0,153558.0,30.0,359.0,420.0,327.0,436.0,15.07,53.0,12000.0,0.17563636363636365,0.26739393939393946
281,New Mexico,2011,186844.0,630430.0,25.0,23.6,48011.0,157383.0,30.7,419.0,394.0,323.0,458.0,15.36,48.8,10000.0,0.16681818181818175,0.26803030303030306
282,New Mexico,2012,160050.0,658255.0,31.0,28.3,46573.0,149404.0,29.3,446.0,418.0,330.0,413.0,15.23,47.5,10000.0,0.16221212121212122,0.269030303030303
283,New Mexico,2013,145905.0,685348.0,30.0,27.0,45727.0,156610.0,31.2,419.0,428.0,308.0,482.0,15.25,43.3,7000.0,0.15693939393939393,0.2673939393939394
284,New Mexico,2014,155894.0,901032.0,25.0,23.1,46003.0,145966.0,29.5,436.0,466.0,301.0,492.0,15.19,37.8,8000.0,0.16057575757575757,0.26075757575757574
285,New Mexico,2015,158373.0,932772.0,28.0,23.6,47163.0,141053.0,28.6,416.0,414.0,282.0,503.0,15.45,34.6,9000.0,0.15742424242424244,0.25081818181818183
286,New Mexico,2016,155453.0,985365.0,30.0,24.8,47500.0,145284.0,30.1,380.0,455.0,315.0,486.0,15.76,29.8,8000.0,0.15900000000000009,0.2527575757575758
287,New Mexico,2017,163451.0,1028331.0,25.0,22.7,47839.0,130502.0,27.2,390.0,475.0,302.0,476.0,15.85,27.9,8000.0,0.1596363636363636,0.252
289,New York,2010,2310440.0,9987732.0,223.0,21.3,72708.0,900626.0,21.2,4637.0,4465.0,2755.0,3678.0,12.92,22.7,58000.0,0.1232741935483871,0.20008064516129034
290,New York,2011,2533882.0,9834235.0,213.0,20.1,74449.0,950921.0,22.6,4690.0,4373.0,2848.0,3726.0,12.91,21.2,51000.0,0.10641935483870969,0.19285483870967743
291,New York,2012,2007733.0,9336277.0,207.0,19.2,75279.0,958610.0,22.8,4701.0,4549.0,2842.0,3727.0,13.09,19.7,45000.0,0.11745161290322584,0.20672580645161287
292,New York,2013,1721213.0,8990516.0,215.0,21.2,76566.0,950077.0,22.8,4986.0,4232.0,2647.0,3950.0,13.22,17.7,43000.0,0.12538709677419355,0.22116129032258058
293,New York,2014,1692769.0,9492461.0,209.0,20.2,77628.0,936938.0,22.6,5162.0,4331.0,2619.0,3904.0,13.45,16.1,41000.0,0.11914516129032257,0.21517741935483875
294,New York,2015,1676820.0,9215276.0,223.0,21.8,77957.0,910022.0,22.0,5573.0,4231.0,2604.0,3808.0,13.16,14.6,36000.0,0.11711290322580652,0.20030645161290322
295,New York,2016,1680983.0,9277802.0,233.0,22.9,79637.0,847288.0,20.7,5591.0,4145.0,2625.0,3861.0,13.05,13.2,37000.0,0.11029032258064513,0.1853225806451613
296,New York,2017,1678166.0,9505364.0,205.0,21.5,83585.0,803171.0,19.7,5526.0,4234.0,2452.0,3792.0,12.78,12.5,33000.0,0.10904838709677424,0.1841290322580645
298,North Carolina,2010,768319.0,2658186.0,111.0,21.5,46850.0,559875.0,24.9,1787.0,2298.0,1347.0,1998.0,15.15,38.3,37000.0,0.18584999999999996,0.26538999999999996
299,North Carolina,2011,968529.0,2741058.0,97.0,19.5,46605.0,579725.0,25.6,1827.0,2141.0,1388.0,2113.0,15.5,34.9,29000.0,0.18221000000000004,0.26743000000000006
300,North Carolina,2012,773014.0,2869071.0,141.0,27.4,45947.0,586104.0,26.0,1886.0,2169.0,1386.0,2133.0,15.4,31.8,29000.0,0.17994999999999997,0.26959000000000005
301,North Carolina,2013,715944.0,2890048.0,122.0,23.3,45355.0,565996.0,25.2,1854.0,2205.0,1504.0,2149.0,15.41,28.4,27000.0,0.17841999999999994,0.2697399999999999
302,North Carolina,2014,690122.0,2983860.0,135.0,25.5,47783.0,548542.0,24.3,1941.0,2115.0,1557.0,2115.0,15.59,25.9,22000.0,0.17096,0.25591000000000014
303,North Carolina,2015,688990.0,2993050.0,125.0,24.2,47985.0,529635.0,23.5,2139.0,2264.0,1378.0,2173.0,15.55,23.6,25000.0,0.16743000000000005,0.24200000000000002
304,North Carolina,2016,689756.0,2909651.0,152.0,28.7,49837.0,489553.0,21.7,2232.0,2155.0,1332.0,2292.0,15.47,21.8,22000.0,0.15947,0.22688000000000008
305,North Carolina,2017,686087.0,2870552.0,135.0,27.2,50861.0,481494.0,21.2,2379.0,2133.0,1287.0,2353.0,15.47,20.6,26000.0,0.1541900000000001,0.21843
307,North Dakota,2010,813110.0,2947614.0,16.0,45.2,44266.0,24116.0,16.2,130.0,131.0,72.0,180.0,11.44,28.8,1000.0,0.0768301886792453,0.10769811320754724
308,North Dakota,2011,848637.0,2792762.0,17.0,45.3,46058.0,21827.0,14.6,139.0,136.0,75.0,178.0,11.45,28.2,2000.0,0.06598113207547168,0.10332075471698114
309,North Dakota,2012,550894.0,3038052.0,15.0,43.5,47344.0,19841.0,13.2,154.0,142.0,70.0,184.0,11.65,26.5,1000.0,0.07054716981132077,0.11256603773584906
310,North Dakota,2013,471682.0,3041825.0,18.0,50.9,48666.0,19070.0,12.0,161.0,159.0,62.0,178.0,11.8,24.1,2000.0,0.07335849056603776,0.11677358490566034
311,North Dakota,2014,521463.0,3393147.0,15.0,44.2,50025.0,24132.0,14.8,161.0,162.0,60.0,189.0,11.78,23.9,2000.0,0.0727924528301887,0.11596226415094338
312,North Dakota,2015,577106.0,3678001.0,,,50237.0,20308.0,12.1,157.0,152.0,74.0,204.0,11.82,22.2,2000.0,0.0700188679245283,0.10573584905660377
313,North Dakota,2016,582560.0,3861438.0,15.0,42.0,51618.0,21210.0,12.4,175.0,156.0,65.0,213.0,11.84,20.3,2000.0,0.06986792452830191,0.10649056603773588
314,North Dakota,2017,558120.0,4018895.0,,,54421.0,18519.0,10.9,171.0,171.0,69.0,188.0,12.06,16.2,2000.0,0.06473584905660379,0.10211320754716985
316,Ohio,2010,2977089.0,9430947.0,208.0,33.0,57291.0,623852.0,23.3,1828.0,3417.0,1501.0,2454.0,16.05,34.1,36000.0,0.16414772727272725,0.2580113636363637
317,Ohio,2011,3371827.0,9261234.0,228.0,35.6,57528.0,640884.0,24.2,1819.0,3442.0,1513.0,2352.0,16.12,31.5,28000.0,0.14957954545454547,0.24432954545454527
318,Ohio,2012,2145208.0,9561500.0,222.0,34.3,58092.0,620921.0,23.8,1896.0,3286.0,1380.0,2520.0,16.32,29.8,25000.0,0.14804545454545456,0.2479772727272727
319,Ohio,2013,2049113.0,9764558.0,230.0,35.4,57270.0,591328.0,22.7,2085.0,3149.0,1526.0,2495.0,16.26,27.2,24000.0,0.15397727272727266,0.2540227272727273
320,Ohio,2014,1812609.0,10272392.0,211.0,34.2,56172.0,593831.0,22.9,2167.0,3396.0,1477.0,2277.0,16.19,25.1,24000.0,0.14574999999999996,0.23876136363636366
321,Ohio,2015,1857885.0,10532452.0,219.0,34.5,56410.0,550270.0,21.3,2194.0,3357.0,1382.0,2429.0,16.87,23.2,24000.0,0.14098863636363637,0.22221590909090913
322,Ohio,2016,1904293.0,11189690.0,235.0,39.2,57000.0,524660.0,20.5,2301.0,3208.0,1278.0,2512.0,16.67,21.8,27000.0,0.13692045454545457,0.20879545454545462
323,Ohio,2017,2002866.0,12058241.0,246.0,39.9,58000.0,513238.0,20.1,2448.0,3093.0,1170.0,2611.0,17.23,20.8,25000.0,0.13456818181818184,0.20313636363636364
325,Oklahoma,2010,247217.0,736525.0,62.0,29.6,49039.0,226679.0,24.7,623.0,933.0,472.0,826.0,15.99,50.4,16000.0,0.16536363636363627,0.25924675324675317
326,Oklahoma,2011,234111.0,768713.0,52.0,27.7,44156.0,215804.0,23.4,659.0,943.0,510.0,811.0,16.11,47.8,13000.0,0.15093506493506495,0.24493506493506478
327,Oklahoma,2012,204682.0,779000.0,53.0,29.3,44128.0,221623.0,24.1,686.0,944.0,404.0,924.0,16.12,47.3,14000.0,0.15485714285714286,0.2503246753246753
328,Oklahoma,2013,193393.0,841875.0,55.0,29.4,44277.0,223114.0,24.0,614.0,958.0,451.0,894.0,16.24,42.9,13000.0,0.16002597402597396,0.2587012987012988
329,Oklahoma,2014,186551.0,867512.0,53.0,24.5,44628.0,208310.0,22.4,585.0,1002.0,547.0,798.0,16.36,38.5,12000.0,0.15719480519480522,0.2447792207792207
330,Oklahoma,2015,184718.0,908963.0,59.0,30.1,44921.0,208993.0,22.2,664.0,939.0,529.0,803.0,16.32,34.8,11000.0,0.15354545454545454,0.23048051948051956
331,Oklahoma,2016,175379.0,940989.0,57.0,28.6,45245.0,216713.0,22.9,681.0,1035.0,497.0,886.0,16.89,33.4,12000.0,0.15370129870129876,0.22859740259740274
332,Oklahoma,2017,177415.0,990856.0,61.0,29.0,45678.0,202674.0,21.5,833.0,975.0,518.0,787.0,16.71,29.7,12000.0,0.15031168831168834,0.2225324675324675
334,Oregon,2010,1058473.0,3377539.0,54.0,29.2,56387.0,183859.0,21.6,818.0,915.0,472.0,906.0,20.3,28.2,13000.0,0.16391666666666665,0.2793055555555555
335,Oregon,2011,1041572.0,3338715.0,52.0,28.1,57348.0,199489.0,23.6,851.0,845.0,395.0,960.0,21.21,25.8,10000.0,0.1569722222222222,0.2671666666666667
336,Oregon,2012,848254.0,3586738.0,54.0,28.0,58758.0,195093.0,23.0,910.0,786.0,405.0,1034.0,22.25,23.8,8000.0,0.15458333333333332,0.2668611111111111
337,Oregon,2013,814137.0,3819285.0,52.0,25.3,58597.0,182088.0,21.6,843.0,854.0,432.0,1037.0,22.18,21.6,9000.0,0.1531944444444445,0.26908333333333334
338,Oregon,2014,812536.0,3902923.0,52.0,26.2,59811.0,181714.0,21.6,878.0,877.0,429.0,1041.0,21.59,20.0,12000.0,0.1528888888888889,0.25802777777777774
339,Oregon,2015,836137.0,4094766.0,54.0,26.1,60064.0,170659.0,20.3,921.0,857.0,479.0,996.0,19.82,19.0,8000.0,0.1444722222222222,0.23947222222222223
340,Oregon,2016,840786.0,4262164.0,55.0,27.0,61631.0,144361.0,17.0,971.0,817.0,455.0,1061.0,19.46,16.6,10000.0,0.13577777777777778,0.221
341,Oregon,2017,854322.0,4624270.0,65.0,36.5,63143.0,141151.0,16.5,1065.0,819.0,458.0,1069.0,20.33,15.0,8000.0,0.1295555555555555,0.20461111111111108
343,Pennsylvania,2010,250554.0,398601.0,232.0,33.0,60536.0,522189.0,19.1,2374.0,3831.0,1774.0,2171.0,13.8,27.0,33000.0,0.13225373134328358,0.20370149253731346
344,Pennsylvania,2011,262395.0,374648.0,267.0,38.2,62215.0,531993.0,19.6,2533.0,3815.0,1615.0,2329.0,14.21,24.9,30000.0,0.12397014925373136,0.1970298507462687
345,Pennsylvania,2012,212615.0,395054.0,217.0,34.8,63521.0,532166.0,19.7,2652.0,3832.0,1593.0,2407.0,14.32,23.7,31000.0,0.127820895522388,0.2066865671641791
346,Pennsylvania,2013,194731.0,408009.0,201.0,31.5,64072.0,516390.0,19.4,2738.0,3804.0,1482.0,2410.0,14.47,20.9,27000.0,0.13149253731343283,0.2153582089552238
347,Pennsylvania,2014,186216.0,413544.0,214.0,33.8,64717.0,514292.0,19.4,2932.0,3781.0,1506.0,2305.0,14.28,19.3,27000.0,0.12368656716417911,0.19934328358208955
348,Pennsylvania,2015,206853.0,425614.0,229.0,35.3,64991.0,512793.0,19.4,2900.0,3609.0,1510.0,2402.0,14.21,17.7,28000.0,0.12053731343283586,0.1845671641791045
349,Pennsylvania,2016,196644.0,438629.0,240.0,35.8,65863.0,486029.0,18.5,3015.0,3528.0,1483.0,2383.0,14.1,15.8,26000.0,0.11983582089552239,0.1809253731343283
350,Pennsylvania,2017,200076.0,534504.0,227.0,34.3,67398.0,444486.0,17.0,2979.0,3563.0,1347.0,2471.0,14.16,14.8,29000.0,0.11483582089552237,0.1757313432835821
352,Rhode Island,2010,7984614.0,18899565.0,22.0,33.5,60923.0,42221.0,19.0,233.0,229.0,166.0,218.0,12.83,22.3,3000.0,0.13920000000000002,0.1852
353,Rhode Island,2011,7818075.0,19623258.0,19.0,31.7,62186.0,47127.0,21.9,234.0,248.0,161.0,219.0,12.52,21.3,3000.0,0.13119999999999998,0.17779999999999999
354,Rhode Island,2012,6140296.0,19801928.0,20.0,36.1,63474.0,41635.0,19.5,240.0,247.0,171.0,204.0,14.43,19.9,3000.0,0.1326,0.1898
355,Rhode Island,2013,5695947.0,18873046.0,18.0,31.1,64696.0,44923.0,21.5,264.0,224.0,153.0,219.0,14.46,17.7,2000.0,0.1326,0.1982
356,Rhode Island,2014,5643178.0,20510815.0,19.0,32.4,65918.0,41629.0,19.8,280.0,226.0,157.0,210.0,14.99,15.8,2000.0,0.1246,0.1848
357,Rhode Island,2015,5830972.0,20967429.0,19.0,34.5,66197.0,40566.0,19.4,272.0,228.0,161.0,221.0,13.36,14.3,2000.0,0.11639999999999999,0.16699999999999998
358,Rhode Island,2016,5953348.0,22004299.0,20.0,36.8,66477.0,35106.0,17.0,262.0,237.0,156.0,219.0,13.3,12.9,2000.0,0.1116,0.15720000000000003
359,Rhode Island,2017,5966469.0,20994710.0,,,66758.0,33858.0,16.6,314.0,217.0,137.0,221.0,13.38,11.4,2000.0,0.1042,0.15420000000000003
361,South Carolina,2010,570301.0,2171889.0,52.0,22.0,49434.0,277722.0,26.1,795.0,1187.0,730.0,904.0,16.05,42.6,17000.0,0.20404347826086958,0.2684782608695652
362,South Carolina,2011,500782.0,2058112.0,63.0,26.9,48176.0,296759.0,27.8,764.0,1175.0,695.0,1035.0,15.54,39.1,18000.0,0.19563043478260872,0.2599347826086956
363,South Carolina,2012,426702.0,2158049.0,53.0,21.9,47924.0,287664.0,26.9,848.0,1153.0,654.0,1040.0,15.31,36.6,15000.0,0.18797826086956518,0.2575217391304347
364,South Carolina,2013,409774.0,2235917.0,55.0,23.1,48425.0,291832.0,27.5,938.0,1167.0,693.0,975.0,15.49,31.6,13000.0,0.1796521739130435,0.2528260869565217
365,South Carolina,2014,385210.0,2363055.0,55.0,26.1,48709.0,288564.0,27.1,974.0,1207.0,626.0,972.0,15.29,28.5,10000.0,0.17773913043478262,0.2397608695652173
366,South Carolina,2015,400213.0,2358651.0,56.0,23.1,48542.0,256179.0,24.0,842.0,1263.0,664.0,1066.0,15.2,26.2,10000.0,0.17165217391304347,0.22310869565217395
367,South Carolina,2016,394060.0,2533573.0,68.0,28.5,48598.0,248595.0,23.0,1028.0,1075.0,666.0,1115.0,15.19,23.7,13000.0,0.16086956521739126,0.2064130434782609
368,South Carolina,2017,423415.0,2674551.0,84.0,29.8,51027.0,245023.0,22.6,1159.0,993.0,646.0,1188.0,14.82,21.7,11000.0,0.15378260869565213,0.19767391304347823
370,South Dakota,2010,173528.0,1326528.0,20.0,43.2,35201.0,35960.0,18.2,147.0,194.0,100.0,191.0,13.26,34.9,4000.0,0.12312121212121209,0.17892424242424237
371,South Dakota,2011,106823.0,1329172.0,18.0,43.2,39850.0,35793.0,18.2,148.0,194.0,93.0,196.0,13.84,34.3,2000.0,0.12387878787878788,0.1851212121212121
372,South Dakota,2012,124451.0,1372320.0,18.0,45.2,39580.0,34901.0,17.5,149.0,200.0,97.0,196.0,13.98,33.3,1000.0,0.12592424242424244,0.1958939393939394
373,South Dakota,2013,114697.0,1431621.0,20.0,46.9,40023.0,37739.0,18.6,160.0,189.0,93.0,213.0,13.76,29.1,2000.0,0.12883333333333336,0.2023939393939394
374,South Dakota,2014,102434.0,1495453.0,18.0,44.4,40661.0,37127.0,18.0,166.0,187.0,87.0,220.0,13.83,26.2,2000.0,0.12769696969696973,0.2000757575757576
375,South Dakota,2015,105333.0,1546600.0,,,42025.0,37247.0,18.1,167.0,196.0,87.0,220.0,13.93,26.4,3000.0,0.12577272727272729,0.18831818181818177
376,South Dakota,2016,111891.0,1614518.0,,,42668.0,35460.0,16.9,172.0,194.0,80.0,222.0,13.94,25.1,2000.0,0.11984848484848487,0.175060606060606
377,South Dakota,2017,110164.0,1629689.0,,,47944.0,34442.0,16.6,171.0,216.0,95.0,194.0,14.02,22.6,2000.0,0.12231818181818185,0.18040909090909088
379,Tennessee,2010,1532041.0,5489710.0,84.0,25.2,47043.0,377066.0,25.7,1063.0,1690.0,1014.0,1239.0,14.84,43.2,16000.0,0.1675473684210526,0.26578947368421046
380,Tennessee,2011,1427301.0,5351177.0,75.0,23.0,46613.0,385931.0,26.3,1113.0,1740.0,977.0,1268.0,15.06,40.8,13000.0,0.15812631578947361,0.2603157894736843
381,Tennessee,2012,1365551.0,5564504.0,99.0,30.0,48289.0,379319.0,25.8,1190.0,1681.0,921.0,1300.0,14.96,38.5,12000.0,0.157221052631579,0.25958947368421076
382,Tennessee,2013,1108879.0,5874323.0,91.0,26.8,48049.0,389536.0,26.5,1194.0,1676.0,892.0,1416.0,15.09,34.7,11000.0,0.16561052631578949,0.27424210526315784
383,Tennessee,2014,1009659.0,5994897.0,111.0,28.2,48503.0,384065.0,26.2,1230.0,1651.0,943.0,1349.0,15.24,33.0,14000.0,0.1554947368421052,0.2553263157894738
384,Tennessee,2015,1012205.0,6240349.0,97.0,30.8,48708.0,355175.0,24.2,1320.0,1638.0,955.0,1346.0,15.06,30.5,9000.0,0.14898947368421056,0.23382105263157893
385,Tennessee,2016,1058146.0,6297587.0,98.0,32.9,48456.0,334238.0,22.6,1391.0,1708.0,902.0,1382.0,15.58,28.0,10000.0,0.14093684210526317,0.21659999999999993
386,Tennessee,2017,1131679.0,6565670.0,97.0,31.3,50900.0,314781.0,21.2,1456.0,1727.0,782.0,1448.0,15.65,26.6,12000.0,0.13327368421052632,0.2036842105263158
388,Texas,2010,1400984.0,6931430.0,359.0,25.6,48261.0,1751189.0,25.7,4261.0,5041.0,4653.0,4811.0,14.73,52.2,99000.0,0.1742125984251969,0.2629762845849801
389,Texas,2011,1367629.0,6758505.0,332.0,23.0,49017.0,1829214.0,26.6,4701.0,4888.0,4698.0,5083.0,15.42,46.9,88000.0,0.16249606299212585,0.2594212598425198
390,Texas,2012,1057045.0,7001110.0,355.0,24.9,48110.0,1776664.0,25.8,4772.0,5143.0,4621.0,5227.0,15.51,44.4,79000.0,0.16294094488188982,0.26581496062992127
391,Texas,2013,1042200.0,7159428.0,387.0,26.6,49270.0,1740560.0,25.0,4860.0,5401.0,4475.0,5464.0,15.4,41.0,75000.0,0.16514960629921271,0.27242292490118586
392,Texas,2014,1030232.0,7833024.0,408.0,27.8,50576.0,1728982.0,24.6,5002.0,5403.0,4613.0,5462.0,15.29,37.8,79000.0,0.15662992125984246,0.2598503937007875
393,Texas,2015,1036422.0,8293812.0,389.0,26.2,51758.0,1637308.0,23.0,5418.0,5272.0,4389.0,5660.0,15.26,34.6,71000.0,0.15033858267716543,0.2451653543307087
394,Texas,2016,1097684.0,9211201.0,421.0,26.8,52575.0,1619026.0,22.4,5996.0,5128.0,4317.0,5910.0,15.19,31.0,76000.0,0.1486141732283464,0.23851968503937013
395,Texas,2017,1068053.0,9822674.0,472.0,28.3,53167.0,1524712.0,20.9,5777.0,5639.0,4260.0,5862.0,15.14,27.6,74000.0,0.14470078740157483,0.23171259842519673
397,Utah,2010,513794.0,1677745.0,58.0,36.3,46571.0,135565.0,15.7,509.0,537.0,311.0,683.0,22.8,27.9,10000.0,0.1627586206896552,0.2039655172413793
398,Utah,2011,510256.0,1927726.0,54.0,34.9,48159.0,138024.0,15.9,509.0,544.0,330.0,652.0,23.06,23.1,6000.0,0.15417241379310348,0.19872413793103447
399,Utah,2012,432223.0,2014017.0,66.0,37.0,49393.0,131915.0,15.1,478.0,514.0,358.0,727.0,23.05,23.3,9000.0,0.1520689655172414,0.2066896551724138
400,Utah,2013,383169.0,2027414.0,69.0,41.4,50659.0,130345.0,14.8,540.0,504.0,302.0,748.0,22.96,20.6,7000.0,0.14710344827586208,0.20400000000000004
401,Utah,2014,351957.0,2033948.0,64.0,41.6,45848.0,118789.0,13.3,575.0,552.0,280.0,705.0,23.22,19.4,8000.0,0.14479310344827587,0.19475862068965516
402,Utah,2015,362959.0,1979466.0,77.0,44.7,46042.0,115994.0,12.9,562.0,551.0,307.0,739.0,22.85,17.6,7000.0,0.1428965517241379,0.18427586206896548
403,Utah,2016,358068.0,1863062.0,84.0,48.1,47244.0,100801.0,11.1,606.0,549.0,320.0,755.0,22.88,15.6,10000.0,0.1395862068965517,0.17675862068965514
404,Utah,2017,403856.0,1872045.0,90.0,48.9,47604.0,97832.0,10.7,661.0,560.0,331.0,765.0,22.88,15.2,8000.0,0.13413793103448274,0.1703793103448276
406,Vermont,2010,1115342.0,4951919.0,14.0,41.6,50141.0,21143.0,16.7,158.0,167.0,70.0,121.0,11.56,17.9,1000.0,0.12864285714285714,0.18907142857142856
407,Vermont,2011,1002909.0,5226954.0,12.0,37.5,51306.0,18263.0,14.9,160.0,169.0,66.0,125.0,10.75,16.8,1000.0,0.1255,0.18764285714285714
408,Vermont,2012,907311.0,4786356.0,13.0,37.7,52526.0,18816.0,15.5,160.0,162.0,67.0,126.0,10.67,16.3,1000.0,0.12578571428571425,0.19328571428571426
409,Vermont,2013,827432.0,5587013.0,11.0,36.9,53656.0,18697.0,15.3,161.0,166.0,63.0,125.0,10.59,14.5,1000.0,0.12692857142857145,0.19399999999999998
410,Vermont,2014,830568.0,5709579.0,12.0,36.5,57642.0,18819.0,15.8,169.0,165.0,61.0,125.0,10.55,14.2,1000.0,0.12814285714285717,0.1902857142857143
411,Vermont,2015,814385.0,5869265.0,13.0,40.8,58901.0,15469.0,13.3,190.0,154.0,51.0,125.0,10.54,11.6,1000.0,0.12250000000000003,0.17071428571428574
412,Vermont,2016,782610.0,5986763.0,15.0,42.3,60187.0,17167.0,14.8,195.0,144.0,62.0,113.0,10.8,10.3,1000.0,0.11685714285714285,0.16164285714285714
413,Vermont,2017,802599.0,6197033.0,15.0,43.4,58527.0,15946.0,13.8,178.0,165.0,61.0,122.0,10.59,10.1,1000.0,0.115,0.16099999999999998
415,Virginia,2010,123942.0,880916.0,124.0,28.2,51559.0,264601.0,14.5,2009.0,1731.0,978.0,1518.0,17.64,27.4,15000.0,0.13443283582089555,0.18013432835820906
416,Virginia,2011,154955.0,878979.0,133.0,30.1,49560.0,280115.0,15.3,2041.0,1708.0,983.0,1582.0,13.85,24.5,16000.0,0.12638059701492535,0.1750671641791044
417,Virginia,2012,144728.0,851896.0,119.0,26.4,49869.0,278899.0,15.3,2050.0,1803.0,980.0,1597.0,14.16,22.9,13000.0,0.12715671641791046,0.1757388059701492
418,Virginia,2013,113501.0,881114.0,116.0,27.5,49233.0,288139.0,15.7,2118.0,1737.0,965.0,1643.0,14.14,20.1,14000.0,0.12899253731343285,0.18632835820895527
419,Virginia,2014,112709.0,965213.0,110.0,26.7,50620.0,291260.0,15.8,2136.0,1737.0,1025.0,1737.0,14.23,18.4,10000.0,0.12934586466165404,0.18368421052631584
420,Virginia,2015,120290.0,1116917.0,118.0,27.8,50834.0,272829.0,14.8,2284.0,1569.0,1052.0,1794.0,14.22,17.1,14000.0,0.12487969924812031,0.1669699248120301
421,Virginia,2016,123012.0,1175899.0,122.0,29.1,51049.0,261817.0,14.3,2266.0,1613.0,1034.0,1776.0,14.05,15.5,13000.0,0.12034586466165416,0.15768421052631584
422,Virginia,2017,117807.0,1141557.0,138.0,32.9,51265.0,258133.0,14.0,2449.0,1542.0,966.0,1681.0,15.03,15.0,10000.0,0.11742857142857141,0.15396240601503763
423,Washington,2010,,,87.0,26.7,53796.0,284045.0,18.2,1600.0,1232.0,733.0,1834.0,19.35,26.7,20000.0,0.1567948717948718,0.24928205128205128
424,West Virginia,2010,,,23.0,23.3,47253.0,95744.0,25.5,274.0,581.0,310.0,324.0,13.91,44.8,6000.0,0.15512727272727267,0.22007272727272728
425,Wisconsin,2010,,,117.0,39.9,52031.0,249826.0,19.1,1136.0,1404.0,651.0,1295.0,15.14,26.2,14000.0,0.12484722222222223,0.21041666666666664
426,Wyoming,2010,,,12.0,39.5,56978.0,19253.0,14.3,88.0,142.0,59.0,139.0,12.49,39.0,2000.0,0.12134782608695656,0.1813478260869565
427,Washington,2011,,,88.0,23.7,54193.0,283176.0,18.3,1458.0,1305.0,814.0,1823.0,19.68,25.4,17000.0,0.15156410256410258,0.24743589743589745
428,West Virginia,2011,,,22.0,21.9,45320.0,97677.0,25.8,275.0,621.0,287.0,321.0,13.97,43.5,6000.0,0.146,0.20978181818181818
429,Wisconsin,2011,,,119.0,40.7,55492.0,236730.0,18.2,1211.0,1478.0,595.0,1262.0,15.49,23.2,13000.0,0.1134305555555556,0.2028194444444445
430,Wyoming,2011,,,11.0,39.1,57222.0,20689.0,15.6,83.0,145.0,66.0,145.0,11.48,35.2,1000.0,0.12121739130434782,0.17865217391304347
431,Washington,2012,,,91.0,25.2,53571.0,288147.0,18.5,1612.0,1347.0,868.0,1690.0,19.59,23.4,16000.0,0.1486410256410256,0.2496923076923077
432,West Virginia,2012,,,20.0,24.3,46405.0,91967.0,24.6,285.0,630.0,254.0,340.0,14.08,44.1,4000.0,0.14789090909090907,0.22258181818181816
433,Wisconsin,2012,,,125.0,41.1,55171.0,235434.0,18.2,1184.0,1416.0,623.0,1371.0,15.16,21.9,9000.0,0.11488888888888889,0.21055555555555558
434,Wyoming,2012,,,12.0,42.5,57920.0,22474.0,16.9,83.0,151.0,65.0,150.0,12.45,34.7,1000.0,0.12339130434782611,0.18443478260869564
435,Washington,2013,,,84.0,23.8,52236.0,295069.0,18.8,1660.0,1334.0,785.0,1769.0,19.3,20.5,12000.0,0.14599999999999996,0.24730769230769228
436,West Virginia,2013,,,18.0,19.5,45583.0,100008.0,27.0,316.0,597.0,259.0,319.0,14.06,40.1,4000.0,0.14892727272727269,0.22699999999999998
437,Wisconsin,2013,,,131.0,42.3,54717.0,236697.0,18.4,1194.0,1375.0,640.0,1365.0,15.08,19.6,11000.0,0.11995833333333333,0.2195
438,Wyoming,2013,,,13.0,43.8,57910.0,18187.0,13.2,84.0,152.0,58.0,169.0,12.27,29.6,1000.0,0.12560869565217392,0.19195652173913044
439,Washington,2014,,,94.0,27.7,53714.0,276044.0,17.5,1604.0,1316.0,766.0,1847.0,18.03,19.1,16000.0,0.1415897435897436,0.23720512820512824
440,West Virginia,2014,,,20.0,21.5,45647.0,91533.0,24.7,297.0,629.0,261.0,325.0,14.0,36.6,4000.0,0.1522727272727272,0.2252545454545454
441,Wisconsin,2014,,,133.0,42.3,54535.0,234936.0,18.4,1185.0,1324.0,597.0,1449.0,14.93,18.0,10000.0,0.11413888888888889,0.20551388888888888
442,Wyoming,2014,,,11.0,41.7,57715.0,17332.0,12.8,96.0,149.0,59.0,159.0,12.35,30.1,1000.0,0.12430434782608693,0.18078260869565216
443,Washington,2015,,,100.0,26.2,52539.0,246076.0,15.5,1702.0,1478.0,867.0,1700.0,18.76,17.6,16000.0,0.13315384615384618,0.21730769230769234
444,West Virginia,2015,,,17.0,20.4,45977.0,93524.0,25.2,294.0,578.0,277.0,364.0,14.11,31.9,3000.0,0.14898181818181816,0.21645454545454537
445,Wisconsin,2015,,,136.0,44.2,54766.0,207438.0,16.4,1161.0,1381.0,615.0,1527.0,14.91,16.2,10000.0,0.10865277777777776,0.187125
446,Wyoming,2015,,,11.0,39.2,57761.0,18154.0,13.2,106.0,148.0,51.0,152.0,12.38,29.2,3000.0,0.12034782608695653,0.17104347826086957
447,Washington,2016,,,109.0,29.5,54147.0,219668.0,13.7,1861.0,1372.0,918.0,1723.0,18.73,16.6,17000.0,0.13061538461538463,0.20938461538461545
448,West Virginia,2016,,,20.0,21.6,45701.0,88351.0,24.0,288.0,604.0,269.0,325.0,14.15,29.3,4000.0,0.14,0.20376363636363645
449,Wisconsin,2016,,,143.0,48.3,54998.0,198480.0,15.7,1061.0,1451.0,641.0,1530.0,14.65,15.0,13000.0,0.10233333333333335,0.17319444444444446
450,Wyoming,2016,,,11.0,37.0,58650.0,15367.0,11.1,110.0,141.0,56.0,151.0,12.55,26.1,1000.0,0.12434782608695656,0.1740869565217391
451,Washington,2017,,,121.0,35.6,55175.0,232452.0,14.3,1927.0,1436.0,885.0,1692.0,18.45,14.8,16000.0,0.12423076923076924,0.19746153846153844
452,West Virginia,2017,,,24.0,23.9,45642.0,93758.0,25.9,298.0,591.0,278.0,346.0,14.15,27.1,3000.0,0.13803636363636357,0.20312727272727274
453,Wisconsin,2017,,,163.0,52.1,55895.0,181828.0,14.5,1233.0,1513.0,655.0,1325.0,14.69,13.8,9000.0,0.09612500000000003,0.16494444444444445
454,Wyoming,2017,,,12.0,36.8,58578.0,18013.0,13.3,99.0,146.0,58.0,150.0,12.85,24.6,1000.0,0.11786956521739132,0.1653913043478261
455,Alabama,2018,,,66.0,27.9,50810.0,255186.0,23.8,953.0,1216.0,662.0,1094.0,17.56,25.2,9000.0,,
456,Alaska,2018,,,11.0,28.3,70277.0,25327.0,14.1,137.0,183.0,69.0,177.0,17.1,19.3,1000.0,,
457,Arizona,2018,,,119.0,28.4,49892.0,324622.0,20.1,1665.0,1243.0,1095.0,1643.0,23.53,20.1,22000.0,,
458,Arkansas,2018,,,46.0,29.3,51019.0,170769.0,24.7,532.0,731.0,458.0,638.0,13.03,30.4,8000.0,,
459,California,2018,,,455.0,22.7,82282.0,1541067.0,17.4,10147.0,7105.0,5750.0,8819.0,23.08,13.6,50000.0,,
460,Florida,2018,,,265.0,27.0,48395.0,819256.0,19.7,5123.0,5319.0,2279.0,4732.0,17.31,16.7,49000.0,,
461,Georgia,2018,,,155.0,26.6,57137.0,504745.0,20.5,2410.0,2410.0,1335.0,2020.0,15.08,20.6,27000.0,,
462,Idaho,2018,,,36.0,38.1,50757.0,62855.0,14.3,348.0,397.0,190.0,429.0,18.54,16.0,5000.0,,
463,Illinois,2018,,,204.0,29.8,66600.0,456926.0,16.2,3443.0,2690.0,1445.0,2727.0,14.97,15.8,23000.0,,
464,Indiana,2018,,,138.0,38.2,50937.0,275370.0,18.0,1306.0,1698.0,769.0,1491.0,17.26,21.8,19000.0,,
465,Kansas,2018,,,65.0,44.0,49800.0,103210.0,14.9,709.0,601.0,329.0,633.0,13.55,20.0,6000.0,,
466,Kentucky,2018,,,87.0,37.0,53434.0,225710.0,23.0,824.0,1128.0,632.0,992.0,16.21,27.3,10000.0,,
467,Louisiana,2018,,,59.0,23.7,50923.0,283218.0,26.2,752.0,1175.0,705.0,1002.0,18.29,27.5,11000.0,,
468,Maryland,2018,,,86.0,29.1,70463.0,152237.0,11.6,1940.0,1095.0,603.0,1214.0,14.78,14.1,7000.0,,
469,Massachusetts,2018,,,96.0,30.6,82042.0,163788.0,12.2,2328.0,1477.0,662.0,1234.0,13.03,7.2,12000.0,,
470,Michigan,2018,,,194.0,34.8,61825.0,412692.0,19.4,2483.0,2215.0,1088.0,2338.0,17.69,15.8,22000.0,,
471,Minnesota,2018,,,143.0,48.0,58221.0,149502.0,11.7,1363.0,1142.0,535.0,1483.0,15.41,10.2,9000.0,,
472,Mississippi,2018,,,36.0,20.3,45574.0,192952.0,27.8,494.0,702.0,457.0,713.0,14.75,27.8,10000.0,,
473,Nevada,2018,,,41.0,27.8,54280.0,120091.0,17.7,494.0,781.0,368.0,775.0,21.45,20.5,8000.0,,
474,New Hampshire,2018,,,32.0,47.1,58146.0,26830.0,10.6,401.0,346.0,110.0,268.0,12.19,8.0,2000.0,,
475,New Jersey,2018,,,112.0,24.0,57799.0,264253.0,13.7,2767.0,2075.0,884.0,1650.0,12.05,10.3,10000.0,,
476,New Mexico,2018,,,33.0,29.5,52412.0,124024.0,26.3,393.0,479.0,274.0,489.0,15.78,25.3,8000.0,,
477,New York,2018,,,244.0,25.5,64385.0,743024.0,18.6,5941.0,4380.0,2302.0,3670.0,12.73,11.7,30000.0,,
478,North Carolina,2018,,,121.0,26.3,68141.0,455971.0,20.2,2491.0,2164.0,1363.0,2394.0,15.49,18.7,25000.0,,
479,Ohio,2018,,,223.0,35.3,57799.0,495616.0,19.5,2573.0,3120.0,1143.0,2529.0,16.67,18.9,28000.0,,
480,Oregon,2018,,,58.0,30.9,64385.0,134383.0,15.7,1137.0,809.0,442.0,1091.0,20.21,13.3,7000.0,,
481,Pennsylvania,2018,,,250.0,37.7,68141.0,434736.0,16.8,3179.0,3391.0,1481.0,2320.0,14.03,14.1,32000.0,,
482,Tennessee,2018,,,109.0,33.6,51714.0,330998.0,22.3,1554.0,1625.0,735.0,1531.0,15.72,25.3,12000.0,,
483,Texas,2018,,,441.0,28.1,54155.0,1545362.0,21.1,6047.0,5557.0,4320.0,6024.0,15.11,25.3,67000.0,,
484,Utah,2018,,,87.0,45.9,50342.0,87445.0,9.5,672.0,584.0,320.0,786.0,22.75,13.1,6000.0,,
485,Washington,2018,,,108.0,28.5,72965.0,204470.0,12.5,2019.0,1444.0,770.0,1835.0,18.17,12.7,14000.0,,
486,West Virginia,2018,,,23.0,25.8,47681.0,86713.0,24.5,268.0,611.0,248.0,369.0,14.17,25.4,3000.0,,
487,Wisconsin,2018,,,150.0,51.6,51453.0,175243.0,14.0,1161.0,1551.0,620.0,1452.0,14.45,13.0,12000.0,,
488,Wyoming,2018,,,13.0,42.6,58618.0,17986.0,13.8,98.0,148.0,54.0,149.0,12.87,20.8,1000.0,,
489,Alaska,2019,,,13.0,33.2,,22921.0,13.0,,,,,,,2000.0,,
490,Arizona,2019,,,138.0,33.6,,308459.0,19.1,,,,,,,20000.0,,
491,Arkansas,2019,,,49.0,31.3,,151448.0,22.1,,,,,,,6000.0,,
492,California,2019,,,447.0,22.5,,1363574.0,15.6,,,,,,,48000.0,,
493,Florida,2019,,,254.0,26.6,,737415.0,17.7,,,,,,,37000.0,,
494,Georgia,2019,,,159.0,27.6,,461456.0,18.7,,,,,,,30000.0,,
495,Idaho,2019,,,38.0,41.0,,58188.0,13.2,,,,,,,3000.0,,
496,Illinois,2019,,,197.0,29.7,,436327.0,15.7,,,,,,,24000.0,,
497,Indiana,2019,,,140.0,39.5,,230725.0,15.2,,,,,,,21000.0,,
498,Kentucky,2019,,,79.0,36.0,,212130.0,21.7,,,,,,,12000.0,,
499,Louisiana,2019,,,64.0,24.8,,288732.0,27.0,,,,,,,14000.0,,
500,Massachusetts,2019,,,110.0,34.2,,154457.0,11.6,,,,,,,10000.0,,
501,Michigan,2019,,,203.0,38.4,,371020.0,17.6,,,,,,,19000.0,,
502,Minnesota,2019,,,132.0,44.1,,143006.0,11.2,,,,,,,9000.0,,
503,Mississippi,2019,,,35.0,20.3,,192413.0,28.1,,,,,,,10000.0,,
504,Montana,2019,,,20.0,41.1,,32888.0,14.9,,,,,,,3000.0,,
505,Nebraska,2019,,,48.0,43.0,,51085.0,11.0,,,,,,,3000.0,,
506,New York,2019,,,222.0,24.2,,711686.0,18.1,,,,,,,35000.0,,
507,North Carolina,2019,,,146.0,28.2,,440230.0,19.5,,,,,,,24000.0,,
508,Ohio,2019,,,219.0,35.9,,466168.0,18.4,,,,,,,27000.0,,
509,Oklahoma,2019,,,72.0,32.7,,186392.0,19.9,,,,,,,10000.0,,
510,Oregon,2019,,,78.0,36.5,,110323.0,13.1,,,,,,,8000.0,,
511,Pennsylvania,2019,,,229.0,36.0,,434904.0,16.9,,,,,,,27000.0,,
512,Tennessee,2019,,,121.0,36.1,,290815.0,19.7,,,,,,,10000.0,,
513,Texas,2019,,,444.0,28.0,,1400918.0,19.2,,,,,,,68000.0,,
514,Utah,2019,,,97.0,49.3,,91433.0,9.9,,,,,,,7000.0,,
515,Washington,2019,,,103.0,26.9,,196520.0,12.0,,,,,,,14000.0,,
516,West Virginia,2019,,,26.0,28.2,,69975.0,20.1,,,,,,,4000.0,,
517,Wisconsin,2019,,,148.0,48.1,,167605.0,13.5,,,,,,,10000.0,,
518,Wyoming,2019,,,14.0,46.4,,15088.0,11.6,,,,,,,1000.0,,
523,Colorado,2018,,,,,53301.0,149487.0,11.9,1850.0,927.0,565.0,1170.0,17.15,14.3,11000.0,,
524,Connecticut,2018,,,,,76465.0,102083.0,14.1,1156.0,758.0,395.0,647.0,12.3,8.3,4000.0,,
525,Delaware,2018,,,,,62308.0,37283.0,18.7,229.0,251.0,118.0,203.0,14.38,16.7,2000.0,,
526,District of Columbia,2018,,,,,78477.0,29048.0,23.1,342.0,95.0,62.0,81.0,12.82,19.3,1000.0,,
527,Hawaii,2018,,,,,59757.0,35368.0,11.9,390.0,331.0,107.0,319.0,14.94,17.2,3000.0,,
528,Iowa,2018,,,,,58140.0,97222.0,13.5,686.0,689.0,287.0,791.0,14.45,15.3,8000.0,,
529,Maine,2018,,,,,54974.0,34878.0,14.5,309.0,383.0,125.0,292.0,12.0,11.1,3000.0,,
530,Missouri,2018,,,,,50064.0,247209.0,18.3,1378.0,1486.0,687.0,1284.0,13.34,21.6,15000.0,,
531,Montana,2018,,,,,54034.0,35999.0,16.0,255.0,245.0,84.0,263.0,14.07,17.2,4000.0,,
532,Nebraska,2018,,,,,54506.0,60110.0,12.9,411.0,396.0,231.0,444.0,13.65,16.7,3000.0,,
533,North Dakota,2018,,,,,67040.0,17145.0,9.9,160.0,173.0,68.0,192.0,12.02,16.4,1000.0,,
534,Oklahoma,2018,,,,,52412.0,202779.0,21.7,759.0,946.0,523.0,806.0,16.46,27.2,11000.0,,
535,Rhode Island,2018,,,,,67040.0,36135.0,18.0,270.0,243.0,133.0,231.0,13.34,11.5,1000.0,,
536,South Carolina,2018,,,,,50395.0,245821.0,22.6,1151.0,1206.0,588.0,1112.0,14.81,22.0,13000.0,,
537,South Dakota,2018,,,,,48786.0,34201.0,16.4,176.0,210.0,112.0,194.0,14.09,20.4,3000.0,,
538,Vermont,2018,,,,,61027.0,13712.0,12.1,185.0,154.0,60.0,119.0,10.5,8.8,,,
539,Virginia,2018,,,,,52466.0,252475.0,13.7,2558.0,1564.0,982.0,1615.0,14.82,14.3,8000.0,,
540,Alabama,2019,,,,,,228412.0,21.4,,,,,,,10000.0,,
541,Colorado,2019,,,,,,135405.0,10.9,,,,,,,11000.0,,
542,Connecticut,2019,,,,,,101233.0,14.1,,,,,,,4000.0,,
543,Delaware,2019,,,,,,32277.0,16.4,,,,,,,2000.0,,
544,District of Columbia,2019,,,,,,23931.0,18.9,,,,,,,1000.0,,
545,Hawaii,2019,,,,,,36461.0,12.4,,,,,,,2000.0,,
546,Iowa,2019,,,,,,92018.0,13.0,,,,,,,7000.0,,
547,Kansas,2019,,,,,,101094.0,14.7,,,,,,,6000.0,,
548,Maine,2019,,,,,,32746.0,13.8,,,,,,,2000.0,,
549,Maryland,2019,,,,,,156992.0,12.0,,,,,,,13000.0,,
550,Missouri,2019,,,,,,229336.0,17.1,,,,,,,14000.0,,
551,Nevada,2019,,,,,,114886.0,16.9,,,,,,,6000.0,,
552,New Hampshire,2019,,,,,,17609.0,7.1,,,,,,,3000.0,,
553,New Jersey,2019,,,,,,235470.0,12.3,,,,,,,8000.0,,
554,New Mexico,2019,,,,,,115997.0,24.9,,,,,,,7000.0,,
555,North Dakota,2019,,,,,,17823.0,10.2,,,,,,,2000.0,,
556,Rhode Island,2019,,,,,,28009.0,14.0,,,,,,,2000.0,,
557,South Carolina,2019,,,,,,214772.0,19.7,,,,,,,11000.0,,
558,South Dakota,2019,,,,,,31425.0,15.0,,,,,,,2000.0,,
559,Vermont,2019,,,,,,11320.0,10.2,,,,,,,1000.0,,
560,Virginia,2019,,,,,,244953.0,13.4,,,,,,,10000.0,,
